JobTitle,Company,CompanyRating,JobLocation,Remote,PostDate,ExtractionDate,JobUrl
Applied Data Scientist,IntelliSense.io,,"Barcelona, Barcelona provincia",True,hace 8 días,2021-03-29,https://es.indeed.com/rc/clk?jk=547cd179f403ae06&fccid=0e374b82a29a1049&vjs=3
Data Scientist Intern,ZeptoLab,,"Barcelona, Barcelona provincia",False,hace 15 días,2021-03-29,https://es.indeed.com/rc/clk?jk=0a477c63722f41a7&fccid=fea8c93b7974f803&vjs=3
CRM Junior Data Scientist,Adam Foods,,"Barcelona, Barcelona provincia",False,hace 13 días,2021-03-29,https://es.indeed.com/rc/clk?jk=8722b98c6736bc41&fccid=9dae1137654eb1d5&vjs=3
Data Scientist,eDreams ODIGEO,"3,6","Barcelona, Barcelona provincia",True,hace 4 días,2021-03-29,https://es.indeed.com/rc/clk?jk=75db214fdeb5f6d1&fccid=34d04f6900db138d&vjs=3
Data Scientist,Jellyfish Group Ltd,,"Barcelona, Barcelona provincia",False,hace 2 días,2021-03-29,https://es.indeed.com/rc/clk?jk=5cc487de9c935075&fccid=00f1b8a7966fcb79&vjs=3
Data Scientist,Enzyme,,"Barcelona, Barcelona provincia",False,Hace más de 30 días,2021-03-29,https://es.indeed.com/rc/clk?jk=a7a64c3537fc092d&fccid=f60a1abecf182ce2&vjs=3
Reference Data Scientist,Holaluz,"4,0","Barcelona, Barcelona provincia",False,hace 6 días,2021-03-29,https://es.indeed.com/rc/clk?jk=1c5f89107bd4b485&fccid=072e277bb0b2f63c&vjs=3
Data Scientist,Entravision,,"Barcelona, Barcelona provincia",True,hace 10 días,2021-03-29,https://es.indeed.com/rc/clk?jk=65c81475f16fb2ef&fccid=715e5538e133fb28&vjs=3
Data Scientist Intern - Full time,Entravision Communications Corporation,,"Barcelona, Barcelona provincia",False,hace 6 días,2021-03-29,https://es.indeed.com/rc/clk?jk=8ae46c8c831b4108&fccid=55a8ffd39b479920&vjs=3
Data Scientist Internship - Full time,Entravision,,"Barcelona, Barcelona provincia",False,hace 10 días,2021-03-29,https://es.indeed.com/rc/clk?jk=fb89f55e0fdb0a15&fccid=715e5538e133fb28&vjs=3
Data Scientist-Digital Business Experience,Ferrer,"3,8","Barcelona, Barcelona provincia",False,hace 2 días,2021-03-29,https://es.indeed.com/rc/clk?jk=3f4951a6c808ecfb&fccid=316f2882fa49ccc7&vjs=3
Game Data Scientist,Voodoo,,"Barcelona, Barcelona provincia",False,hace 18 días,2021-03-29,https://es.indeed.com/rc/clk?jk=532353f2a63dac4d&fccid=8ef7e881dac94697&vjs=3
Data Scientist,Zurich Insurance,"3,6","Barcelona, Barcelona provincia",False,hace 20 días,2021-03-29,https://es.indeed.com/rc/clk?jk=7f393ecc2b2c044d&fccid=34938366d45106af&vjs=3
Data Scientist Specialist (ASL),Nestle,"4,2","Esplugues de Llobregat, Barcelona provincia",False,hace 9 días,2021-03-29,https://es.indeed.com/rc/clk?jk=b68e31847a1b57b6&fccid=bfdac90a7574b77c&vjs=3
Data Scientist,SpotLab,,"Madrid, Madrid provincia",False,Hace más de 30 días,2021-03-29,https://es.indeed.com/rc/clk?jk=046cd8d1d0577b3f&fccid=152aea16c741382e&vjs=3
INVESTIGADORES/AS - INGENIEROS/AS SOFTWARE / DATA SCIENTIST PARA PROYECTOS DE I+D,Centre Tecnologic de Catalunya,,"Barcelona, Barcelona provincia",False,Hace más de 30 días,2021-03-29,https://es.indeed.com/rc/clk?jk=3609db49f14fba1a&fccid=6b79779c98eccf87&vjs=3
Data Scientist,"Amazon Spain Services, S.L.","3,6","Barcelona, Barcelona provincia",False,hace 23 días,2021-03-29,https://es.indeed.com/rc/clk?jk=7b16cbf375a7e23c&fccid=fe2d21eef233e94a&vjs=3
Senior Data Scientist,Sage,"3,4","Barcelona, Barcelona provincia",False,hace 6 días,2021-03-29,https://es.indeed.com/rc/clk?jk=073bf07785c9d8f9&fccid=848f060296f23fff&vjs=3
Senior Data Scientist- Europe Remote,Vistaprint,"3,5","Barcelona, Barcelona provincia",True,hace 26 días,2021-03-29,https://es.indeed.com/rc/clk?jk=af4802dda8c48bd0&fccid=3755b60c862441f9&vjs=3
People Analytics Data Scientist,Gartner,,"Barcelona, Barcelona provincia",False,Hace más de 30 días,2021-03-29,https://es.indeed.com/rc/clk?jk=dd35a5661fb2ba28&fccid=be293f1def77a963&vjs=3
Data Scientist,,,"Barcelona, Barcelona provincia",False,Hace más de 30 días,2021-03-29,https://es.indeed.com/rc/clk?jk=15eff43621f871e4&fccid=dd616958bd9ddc12&vjs=3
Product Data Scientist,Graphext Labs,,,True,Hace más de 30 días,2021-03-29,https://es.indeed.com/rc/clk?jk=696e39ecb9c01b8f&fccid=f4ecf3f0d829e8d1&vjs=3
"Senior Data Scientist, Channel Forecasting - Europe Remote",Vistaprint,"3,5","Barcelona, Barcelona provincia",True,hace 25 días,2021-03-29,https://es.indeed.com/rc/clk?jk=d016b136d0fa21d2&fccid=3755b60c862441f9&vjs=3
Data Scientist (AI),seedtag,,,True,Hace más de 30 días,2021-03-29,https://es.indeed.com/rc/clk?jk=6f491541761ec7cf&fccid=b09bb1824c644364&vjs=3
Data Scientist,McAfee,"3,7","Madrid, Madrid provincia",False,hace 3 días,2021-03-29,https://es.indeed.com/rc/clk?jk=c9587aecffde8cb5&fccid=800f11c47014effe&vjs=3
internship: Data scientist,GMV,"4,3","Tres Cantos, Madrid provincia",False,Hace más de 30 días,2021-03-29,https://es.indeed.com/rc/clk?jk=1da91116438af6c6&fccid=ac36beb745e68baf&vjs=3
Data Scientist (Python) Internship - Part Time,Entravision,,"Barcelona, Barcelona provincia",False,hace 25 días,2021-03-29,https://es.indeed.com/rc/clk?jk=2817980cf409dc06&fccid=715e5538e133fb28&vjs=3
Data Scientist,Novartis,"4,1","Barcelona, Barcelona provincia",False,Hace más de 30 días,2021-03-29,https://es.indeed.com/rc/clk?jk=293dc56223ffefae&fccid=c35194d01a9e2595&vjs=3
Oferta Junior Data Scientist,SENDAUDIT,,"Madrid, Madrid provincia",False,hace 18 días,2021-03-29,https://es.indeed.com/rc/clk?jk=a5e7b24d637defde&fccid=9860c038333ba24d&vjs=3
Senior Data Scientist (Barcelona),Rover,,"Barcelona, Barcelona provincia",True,hace 2 días,2021-03-29,https://es.indeed.com/rc/clk?jk=2b355d0adbbd2e5d&fccid=d4b58fa60b80adb8&vjs=3
DATA SCIENTIST,Centre Tecnologic de Catalunya,,"Barcelona, Barcelona provincia",False,Hace más de 30 días,2021-03-29,https://es.indeed.com/rc/clk?jk=d81898117e4bf39a&fccid=6b79779c98eccf87&vjs=3
Data Scientist - Business Analytics,Allianz España,"3,9","Barcelona, Barcelona provincia",False,Hace más de 30 días,2021-03-29,https://es.indeed.com/rc/clk?jk=2e5fc987cf7457fa&fccid=bf422d4af99309b2&vjs=3
Contributor | Data Engineer / Data Scientist,Hyperloop Transportation Technologies,,"Barcelona, Barcelona provincia",False,Hace más de 30 días,2021-03-29,https://es.indeed.com/rc/clk?jk=37588abdd50b1516&fccid=cdaa95337069b3e2&vjs=3
Senior Data Scientist,Aratech,,"Alicante, Alicante provincia",False,hace 3 días,2021-03-29,https://es.indeed.com/rc/clk?jk=64e48626f57a1d8c&fccid=770f2d3ce22600b7&vjs=3
DATA SCIENTIST Big Data Analytics,Centre Tecnologic de Catalunya,,"Barcelona, Barcelona provincia",False,hace 25 días,2021-03-29,https://es.indeed.com/rc/clk?jk=7e3e9df29dd2deee&fccid=6b79779c98eccf87&vjs=3
Data Scientist- Data Architect,Grupo DISA,"3,8","Santa Cruz de Tenerife, Santa Cruz de Tenerife provincia",False,hace 16 días,2021-03-29,https://es.indeed.com/rc/clk?jk=77c2a827839ab1e8&fccid=a9d8b1fac9579a77&vjs=3
Data Scientist,Smart Protection,,"Madrid, Madrid provincia",True,Hace más de 30 días,2021-03-29,https://es.indeed.com/rc/clk?jk=70ea41fa5e5740a0&fccid=7d74d57fef896211&vjs=3
Physical Properties Scientist,Insud Pharma,,Guadalajara provincia,False,hace 13 días,2021-03-29,https://es.indeed.com/rc/clk?jk=d500585d9b9c56de&fccid=333f0ccab65ac3d2&vjs=3
data scientist,ADEAS Hr,,"Santa Perpètua de Mogoda, Barcelona provincia",False,hace 10 días,2021-03-29,https://es.indeed.com/rc/clk?jk=99c91abf62cb19b3&fccid=45a3250156ed44fe&vjs=3
Global Quality Data Scientist,Markem-Imaje,"3,4","Barcelona, Barcelona provincia",False,Hace más de 30 días,2021-03-29,https://es.indeed.com/rc/clk?jk=60390df35680fe89&fccid=d7e3c1bac6a3cfe7&vjs=3
Junior Data Scientist (Inventory management),Fever,"3,6","Madrid, Madrid provincia",False,Hace más de 30 días,2021-03-29,https://es.indeed.com/rc/clk?jk=1b3f7d2382b1e3a4&fccid=552b543e94584d6f&vjs=3
Senior Data Scientist,PepsiCo,"3,8","Cornellà de Llobregat, Barcelona provincia",False,Hace más de 30 días,2021-03-29,https://es.indeed.com/rc/clk?jk=01f193cec2696f66&fccid=2973259ddc967948&vjs=3
Data Scientist - Acquisition,Glovo,"3,1","Barcelona, Barcelona provincia",False,Hace más de 30 días,2021-03-29,https://es.indeed.com/rc/clk?jk=50b1c5f255e12df1&fccid=e79aa74d1d3ace1e&vjs=3
Applied Scientist,"Amazon Spain Services, S.L.","3,6","Barcelona, Barcelona provincia",False,Hace más de 30 días,2021-03-29,https://es.indeed.com/rc/clk?jk=cd5bfda960301bbe&fccid=fe2d21eef233e94a&vjs=3
Data Scientist en Unlimiteck Valladolid,Unlimiteck Company Builder,,"Valladolid, Valladolid provincia",False,hace 2 días,2021-03-29,https://es.indeed.com/rc/clk?jk=d9894d213f00d5bb&fccid=1317222f0eeaf4b7&vjs=3
Data Scientist,Krashlando,,"Madrid, Madrid provincia",False,hace 17 días,2021-03-29,https://es.indeed.com/rc/clk?jk=a34d2e289caffc08&fccid=5e88048acc92e2e1&vjs=3
SR DATA SCIENTIST CRO,Repsol,"4,2","Arganzuela-Madrid, Madrid provincia",False,hace 17 días,2021-03-29,https://es.indeed.com/rc/clk?jk=2d3eaab585eae551&fccid=726ddb295203c060&vjs=3
Junior Data Analyst,YEGO,,"Barcelona, Barcelona provincia",False,hace 23 días,2021-03-29,https://es.indeed.com/rc/clk?jk=cf6c85f18bf7f788&fccid=a8f5a0a39baedebf&vjs=3
Data Scientist- Analista- Programador BI,Grupo DISA,"3,8","Santa Cruz de Tenerife, Santa Cruz de Tenerife provincia",False,hace 16 días,2021-03-29,https://es.indeed.com/rc/clk?jk=3323d3a231f12831&fccid=a9d8b1fac9579a77&vjs=3
Data Scientist,"Arquimea Group, S.L",,"San Cristóbal de La Laguna, Santa Cruz de Tenerife provincia",False,hace 17 días,2021-03-29,https://es.indeed.com/rc/clk?jk=4f8bb1f5054bc68b&fccid=a41a19c3de8540f0&vjs=3
Data Scientist - Acquisition,Glovo,"3,1","Barcelona, Barcelona provincia",False,Hace más de 30 días,2021-03-29,https://es.indeed.com/rc/clk?jk=50b1c5f255e12df1&fccid=e79aa74d1d3ace1e&vjs=3
Applied Scientist,"Amazon Spain Services, S.L.","3,6","Barcelona, Barcelona provincia",False,Hace más de 30 días,2021-03-29,https://es.indeed.com/rc/clk?jk=cd5bfda960301bbe&fccid=fe2d21eef233e94a&vjs=3
Junior Data Analyst,YEGO,,"Barcelona, Barcelona provincia",False,hace 23 días,2021-03-29,https://es.indeed.com/rc/clk?jk=cf6c85f18bf7f788&fccid=a8f5a0a39baedebf&vjs=3
Data Scientist,Krashlando,,"Madrid, Madrid provincia",False,hace 17 días,2021-03-29,https://es.indeed.com/rc/clk?jk=a34d2e289caffc08&fccid=5e88048acc92e2e1&vjs=3
SR DATA SCIENTIST CRO,Repsol,"4,2","Arganzuela-Madrid, Madrid provincia",False,hace 17 días,2021-03-29,https://es.indeed.com/rc/clk?jk=2d3eaab585eae551&fccid=726ddb295203c060&vjs=3
Breeding Associate Scientist,Syngenta,"4,1","El Ejido, Almería provincia",False,hace 3 días,2021-03-29,https://es.indeed.com/rc/clk?jk=4d49755ebe516e73&fccid=212d266bb52619f8&vjs=3
Data Scientist en Unlimiteck Valladolid,Unlimiteck Company Builder,,"Valladolid, Valladolid provincia",False,hace 2 días,2021-03-29,https://es.indeed.com/rc/clk?jk=d9894d213f00d5bb&fccid=1317222f0eeaf4b7&vjs=3
Data Scientist,Mr Jeff,"3,2","Valencia, Valencia provincia",False,hace 18 días,2021-03-29,https://es.indeed.com/rc/clk?jk=0b11989a34b65e35&fccid=5412d8a3b2affb6b&vjs=3
Data and Automation Intern,,,"Barcelona, Barcelona provincia",False,hace 13 días,2021-03-29,https://es.indeed.com/rc/clk?jk=a78477b28ca598cd&fccid=dd616958bd9ddc12&vjs=3
Data Scientist en METIORA (Valladolid o Madrid),Unlimiteck Company Builder,,"Madrid, Madrid provincia",False,hace 13 días,2021-03-29,https://es.indeed.com/rc/clk?jk=1bb290564ccc0bff&fccid=1317222f0eeaf4b7&vjs=3
New Ventures Data Scientist,Fever,"3,6","Madrid, Madrid provincia",False,hace 25 días,2021-03-29,https://es.indeed.com/rc/clk?jk=688df80b7fc6031a&fccid=552b543e94584d6f&vjs=3
Data Scientist,"Arquimea Group, S.L",,"San Cristóbal de La Laguna, Santa Cruz de Tenerife provincia",False,hace 17 días,2021-03-29,https://es.indeed.com/rc/clk?jk=4f8bb1f5054bc68b&fccid=a41a19c3de8540f0&vjs=3
Data Science Intern,King,,"Barcelona, Barcelona provincia",False,hace 23 días,2021-03-29,https://es.indeed.com/rc/clk?jk=2e9ffb7fa9aea4cc&fccid=6d65cb9ba1f73d65&vjs=3
Data Scientist Intern - Advanced Analytics,McKinsey & Company,"4,3","Madrid, Madrid provincia",False,Hace más de 30 días,2021-03-29,https://es.indeed.com/rc/clk?jk=2194027a25d0d5c1&fccid=6576e7250aa78c3c&vjs=3
Data Scientist,INECO,"3,8","Madrid, Madrid provincia",False,Hace más de 30 días,2021-03-29,https://es.indeed.com/rc/clk?jk=d2810e2690f803da&fccid=30d1a2ebf6cb4c77&vjs=3
Data Analyst - B2B (They/She/He),Glovo,"3,1","Barcelona, Barcelona provincia",False,hace 9 días,2021-03-29,https://es.indeed.com/rc/clk?jk=bf1f30907154772d&fccid=e79aa74d1d3ace1e&vjs=3
Data Science Intern,King.com,,"Barcelona, Barcelona provincia",False,hace 23 días,2021-03-29,https://es.indeed.com/rc/clk?jk=9399ac5b35bc2d68&fccid=5f2cea8400b4965b&vjs=3
"Data Product Manager, Data & Analytics, Spain or Germany Remote",Vistaprint,"3,5","Barcelona, Barcelona provincia",True,hace 9 días,2021-03-29,https://es.indeed.com/rc/clk?jk=d9d844a77d48f340&fccid=3755b60c862441f9&vjs=3
"Data Scientist – Travel/AI – BARCELONA, ES",fut-ure.com,,"Barcelona, Barcelona provincia",False,Hace más de 30 días,2021-03-29,https://es.indeed.com/rc/clk?jk=0fbb957a228d3de4&fccid=e436b65b50a9ba9d&vjs=3
Data Scientist- Analista- Programador BI,Grupo DISA,"3,8","Santa Cruz de Tenerife, Santa Cruz de Tenerife provincia",False,hace 16 días,2021-03-29,https://es.indeed.com/rc/clk?jk=3323d3a231f12831&fccid=a9d8b1fac9579a77&vjs=3
Data Scientist,Skillsearch Limited,,"Barcelona, Barcelona provincia",False,Hace más de 30 días,2021-03-29,https://es.indeed.com/rc/clk?jk=52b37b0c12ccf3ff&fccid=7a29f275e958f92d&vjs=3
Data Scientist @ Reby,Reby,,"Barcelona, Barcelona provincia",False,hace 5 días,2021-03-29,https://es.indeed.com/rc/clk?jk=2836e7b145ea67e0&fccid=56a5194491f84d6b&vjs=3
Senior Scientist,QIAGEN,,"Barcelona, Barcelona provincia",False,Hace más de 30 días,2021-03-29,https://es.indeed.com/rc/clk?jk=02b48d5336e6704f&fccid=58e44ef0852f1a0d&vjs=3
Senior Data Scientist - Pricing,Glovo,"3,1","Barcelona, Barcelona provincia",False,Hace más de 30 días,2021-03-29,https://es.indeed.com/rc/clk?jk=40926ae84eae1984&fccid=e79aa74d1d3ace1e&vjs=3
Data Engineer Barcelona,Accenture,"4,0","Barcelona, Barcelona provincia",False,Hace más de 30 días,2021-03-29,https://es.indeed.com/rc/clk?jk=45aa1807948ba3e1&fccid=a4e4e2eaf26690c9&vjs=3
Senior Data Scientist,Zurich Insurance,"3,6","Barcelona, Barcelona provincia",False,Hace más de 30 días,2021-03-29,https://es.indeed.com/rc/clk?jk=68c803b44b5deef3&fccid=34938366d45106af&vjs=3
Data Content Creator,Graphext Labs,,,True,Hace más de 30 días,2021-03-29,https://es.indeed.com/rc/clk?jk=970834a9e5210d4a&fccid=f4ecf3f0d829e8d1&vjs=3
Data Expert / Scientist,Enel,"4,0","Sevilla, Sevilla provincia",False,Hace más de 30 días,2021-03-29,https://es.indeed.com/rc/clk?jk=f2c07fd8ea2ee234&fccid=fb309e44539d2522&vjs=3
CONTRACT University Degree - Health Sciences/Experimental Sciences - Data Scientist,Instituto de Investigacion Sanitaria La Fe,"3,7","Valencia, Valencia provincia",False,Hace más de 30 días,2021-03-29,https://es.indeed.com/rc/clk?jk=6297fdc7dda4022e&fccid=c6bbf56bf89de3cf&vjs=3
Game Data Scientist,Social Point,,"Barcelona, Barcelona provincia",True,Hace más de 30 días,2021-03-29,https://es.indeed.com/rc/clk?jk=30f7c7a6876f12dc&fccid=cdf1db6d6ae5640b&vjs=3
Data Scientist,Initium HR,,"Barcelona, Barcelona provincia",False,Hace más de 30 días,2021-03-29,https://es.indeed.com/rc/clk?jk=399d3b12e61e4853&fccid=96599cdf6da7db08&vjs=3
Senior Data Scientist,DOCOMO Digital,,"Madrid, Madrid provincia",False,hace 6 días,2021-03-29,https://es.indeed.com/rc/clk?jk=58b74ac475702ab2&fccid=1f432019c4965471&vjs=3
Healthcare data scientist (Closed),Better Care,,"Sabadell, Barcelona provincia",False,Hace más de 30 días,2021-03-29,https://es.indeed.com/rc/clk?jk=13fe863d708b9de2&fccid=aabfac029089a605&vjs=3
Data Management and Projects Internship,Keysight Technologies,"3,9","Barcelona, Barcelona provincia",False,hace 10 días,2021-03-29,https://es.indeed.com/rc/clk?jk=867ac50ecf7b0889&fccid=d072500b76ca23c2&vjs=3
DATA SCIENTIST,Gnarum,,"Madrid, Madrid provincia",False,Hace más de 30 días,2021-03-29,https://es.indeed.com/rc/clk?jk=d8ffdf22d7b4f45f&fccid=02d58a58216276a5&vjs=3
Technical reseracher - Distributed machine learning for wearable sensors data in stroke (RE1),Barcelona Supercomputing Center (BSC),,"Barcelona, Barcelona provincia",False,hace 5 días,2021-03-29,https://es.indeed.com/rc/clk?jk=74f825934f6eb69b&fccid=a9e2246650287c61&vjs=3
DATA SCIENTIST I+D Turismo,Centre Tecnologic de Catalunya,,"Vila-seca, Tarragona provincia",False,Hace más de 30 días,2021-03-29,https://es.indeed.com/rc/clk?jk=9535415f24399ae7&fccid=6b79779c98eccf87&vjs=3
Senior Data Scientist,Westinghouse Electric Company,,"Madrid, Madrid provincia",False,hace 21 días,2021-03-29,https://es.indeed.com/rc/clk?jk=ce663ac86cdef269&fccid=42e773e039e3c8bf&vjs=3
Senior Data Scientist,Amazon EU SARL (Spain Branch),"3,6","Madrid, Madrid provincia",False,hace 18 días,2021-03-29,https://es.indeed.com/rc/clk?jk=a5a1785b171ecc62&fccid=fe2d21eef233e94a&vjs=3
Data Scientist,JUMP TV Solutions,,"Madrid, Madrid provincia",False,Hace más de 30 días,2021-03-29,https://es.indeed.com/rc/clk?jk=d7dd6e1b5a4bb779&fccid=0aa6033e9f66c5c8&vjs=3
Data Scientist,SEREM,"2,2","Madrid, Madrid provincia",False,Hace más de 30 días,2021-03-29,https://es.indeed.com/rc/clk?jk=01c57d5dd4cfd692&fccid=4bc686621ec1a1ef&vjs=3
Senior Data Engineer,Adevinta in Spain,,"Barcelona, Barcelona provincia",False,hace 12 días,2021-03-29,https://es.indeed.com/rc/clk?jk=b3a0fa5c6d634e7f&fccid=5aecff49966a6ffd&vjs=3
"Data Scientist/Científico de Datos, Madrid",Smartme Analytics,,"Madrid, Madrid provincia",False,Hace más de 30 días,2021-03-29,https://es.indeed.com/rc/clk?jk=4833b0c903e3dc41&fccid=78837a27e34454fe&vjs=3
Data Scientist - Machine Learning,Jumio Corporation,,"Cañada, Alicante provincia",False,Hace más de 30 días,2021-03-29,https://es.indeed.com/rc/clk?jk=ef24ab95183a49d0&fccid=4010626516c5a842&vjs=3
Senior Data Analyst,Social Point,,"Barcelona, Barcelona provincia",True,hace 5 días,2021-03-29,https://es.indeed.com/rc/clk?jk=9a48f6d27d3cc326&fccid=cdf1db6d6ae5640b&vjs=3
Data Engineer - BI,Glovo,"3,1","Barcelona, Barcelona provincia",False,Hace más de 30 días,2021-03-29,https://es.indeed.com/rc/clk?jk=659bb9771e1a0e37&fccid=e79aa74d1d3ace1e&vjs=3
Data Analytics Lead - Q-Commerce,Glovo,"3,1","Barcelona, Barcelona provincia",False,hace 24 días,2021-03-29,https://es.indeed.com/rc/clk?jk=09ba49f145a4b765&fccid=e79aa74d1d3ace1e&vjs=3
Development of data science web apps for epidemiology (R2),Barcelona Supercomputing Center (BSC),,"Barcelona, Barcelona provincia",False,hace 3 días,2021-03-29,https://es.indeed.com/rc/clk?jk=9d09d9dcc741afe5&fccid=a9e2246650287c61&vjs=3
Data Analyst / Scientist,OPM Recruitment,,"Barcelona, Barcelona provincia",False,Hace más de 30 días,2021-03-29,https://es.indeed.com/rc/clk?jk=a8712b9784276121&fccid=5f49509157db24a8&vjs=3
Consumer Product Analyst,Kiwi.com,,"Barcelona, Barcelona provincia",True,hace 16 días,2021-03-29,https://es.indeed.com/rc/clk?jk=ee5ffad6d9eafcc0&fccid=c385e65f4a1e078c&vjs=3
Data Engineer,SeQura,,"Barcelona, Barcelona provincia",False,Hace más de 30 días,2021-03-29,https://es.indeed.com/rc/clk?jk=03522440861083c2&fccid=3911ee578a01a7f1&vjs=3
Data Scientist - Machine Learning,Jumio Corporation,,"Cañada, Alicante provincia",False,Hace más de 30 días,2021-03-29,https://es.indeed.com/rc/clk?jk=ef24ab95183a49d0&fccid=4010626516c5a842&vjs=3
Data Engineer - BI,Glovo,"3,1","Barcelona, Barcelona provincia",False,Hace más de 30 días,2021-03-29,https://es.indeed.com/rc/clk?jk=659bb9771e1a0e37&fccid=e79aa74d1d3ace1e&vjs=3
Data Engineer,GFT Technologies,,"Barcelona, Barcelona provincia",False,Hace más de 30 días,2021-03-29,https://es.indeed.com/rc/clk?jk=4ec80a69900b1809&fccid=8ab7cdd8a4b10bfc&vjs=3
User Acquisition Data Analyst,Gameloft,,"Barcelona, Barcelona provincia",False,hace 2 días,2021-03-29,https://es.indeed.com/rc/clk?jk=d14b47339e377c2f&fccid=7e0d9a513baca44d&vjs=3
Data Platform & Governance Manager,Adevinta in Spain,,"Barcelona, Barcelona provincia",True,hace 2 días,2021-03-29,https://es.indeed.com/rc/clk?jk=e40716f9bb061bdd&fccid=5aecff49966a6ffd&vjs=3
Senior Data Scientist,Tessella,,"Madrid, Madrid provincia",False,Hace más de 30 días,2021-03-29,https://es.indeed.com/rc/clk?jk=f26ce6c2642d6d22&fccid=212af5778aa7175d&vjs=3
Senior Data Analyst,Social Point,,"Barcelona, Barcelona provincia",True,hace 5 días,2021-03-29,https://es.indeed.com/rc/clk?jk=9a48f6d27d3cc326&fccid=cdf1db6d6ae5640b&vjs=3
Model Risk Manager - Spain Remote,Revolut,,"Barcelona, Barcelona provincia",False,hace 10 días,2021-03-29,https://es.indeed.com/rc/clk?jk=97b54aa7095e76f2&fccid=1c00ce6833fa8f3d&vjs=3
Data Analyst - Routing,Glovo,"3,1","Barcelona, Barcelona provincia",False,Hace más de 30 días,2021-03-29,https://es.indeed.com/rc/clk?jk=e90010da741994ea&fccid=e79aa74d1d3ace1e&vjs=3
Computer Vision Engineer,GFT Technologies,,"Sant Cugat del Vallès, Barcelona provincia",False,Hace más de 30 días,2021-03-29,https://es.indeed.com/rc/clk?jk=1912579bb96181b8&fccid=8ab7cdd8a4b10bfc&vjs=3
Development of data science web apps for epidemiology (R2),Barcelona Supercomputing Center (BSC),,"Barcelona, Barcelona provincia",False,hace 3 días,2021-03-29,https://es.indeed.com/rc/clk?jk=9d09d9dcc741afe5&fccid=a9e2246650287c61&vjs=3
Data Analytics Engineer,eDreams ODIGEO,"3,6","Barcelona, Barcelona provincia",True,Hace más de 30 días,2021-03-29,https://es.indeed.com/rc/clk?jk=e918ba64d77bd4db&fccid=34d04f6900db138d&vjs=3
Consumer Product Analyst,Kiwi.com,,"Barcelona, Barcelona provincia",True,hace 16 días,2021-03-29,https://es.indeed.com/rc/clk?jk=ee5ffad6d9eafcc0&fccid=c385e65f4a1e078c&vjs=3
Data Analytics Lead - Q-Commerce,Glovo,"3,1","Barcelona, Barcelona provincia",False,hace 24 días,2021-03-29,https://es.indeed.com/rc/clk?jk=09ba49f145a4b765&fccid=e79aa74d1d3ace1e&vjs=3
Data Scientist - Advanced Analytics,McKinsey & Company,"4,3","Madrid, Madrid provincia",False,Hace más de 30 días,2021-03-29,https://es.indeed.com/rc/clk?jk=080cb629147626b2&fccid=6576e7250aa78c3c&vjs=3
Data Scientist en contrat VIE H/F (Espagne),Keyrus,,"Madrid, Madrid provincia",False,Hace más de 30 días,2021-03-29,https://es.indeed.com/rc/clk?jk=08eee4b43cd33b68&fccid=19a55a04a564eae0&vjs=3
Head of Behavioural Science - People Analytics Team,Novartis,"4,1","Barcelona, Barcelona provincia",False,Hace más de 30 días,2021-03-29,https://es.indeed.com/rc/clk?jk=3598504f55f9b8c3&fccid=c35194d01a9e2595&vjs=3
CONTRATO Titulado Superior - Ciencias de la Salud/Ciencias Experimentales - Científico de Datos (Data Scientist),Instituto de Investigacion Sanitaria La Fe,"3,7","Valencia, Valencia provincia",False,Hace más de 30 días,2021-03-29,https://es.indeed.com/rc/clk?jk=ad815b3b6812ebee&fccid=c6bbf56bf89de3cf&vjs=3
Game Data Analyst,Social Point,,"Barcelona, Barcelona provincia",True,hace 23 días,2021-03-29,https://es.indeed.com/rc/clk?jk=03deba8fa5805a2b&fccid=cdf1db6d6ae5640b&vjs=3
Finance Assistant,Wunderman,"3,8","Madrid, Madrid provincia",True,hace 12 días,2021-03-29,https://es.indeed.com/rc/clk?jk=16de23c013132eed&fccid=bfef2b2da6904e2a&vjs=3
Product Designer Serenity,Adevinta,,"Barcelona, Barcelona provincia",False,hace 13 días,2021-03-29,https://es.indeed.com/rc/clk?jk=bf81d0a784a25eb2&fccid=5aecff49966a6ffd&vjs=3
Scientific Software Developer (Remote),Kepler Fi,,"Barcelona, Barcelona provincia",False,hace 15 días,2021-03-29,https://es.indeed.com/rc/clk?jk=6510ff69eeef256c&fccid=4321d95d05919c00&vjs=3
Back End Engineer,Adevinta,,"Barcelona, Barcelona provincia",False,hace 11 días,2021-03-29,https://es.indeed.com/rc/clk?jk=4dd30eaf49400e9e&fccid=5aecff49966a6ffd&vjs=3
Instructional Designer - Amazon Selling Partner Support,"Amazon Spain Services, S.L.","3,6","Barcelona, Barcelona provincia",False,hace 6 días,2021-03-29,https://es.indeed.com/rc/clk?jk=e2e50632ae204ec8&fccid=fe2d21eef233e94a&vjs=3
Financial Planning Analyst - Iberia (Spain & Portugal),LEO Pharma,"3,6","Barcelona, Barcelona provincia",False,Hace más de 30 días,2021-03-29,https://es.indeed.com/rc/clk?jk=2e9bd88a602f1913&fccid=e451983f117abb61&vjs=3
Postdoc Associate in Computational Biology,Center for Genomic Regulation,,"Barcelona, Barcelona provincia",False,hace 13 días,2021-03-29,https://es.indeed.com/rc/clk?jk=ac7873dcca6bc2c0&fccid=83df17e5cf55215f&vjs=3
Skin care Applications Scientist,Lubrizol Corporation,"3,9","Gavà, Barcelona provincia",False,Hace más de 30 días,2021-03-29,https://es.indeed.com/rc/clk?jk=01711cbab64aa0d2&fccid=a6ecb44bea23e5cd&vjs=3
Skin care Applications Scientist,Lubrizol,"3,9","Gavà, Barcelona provincia",False,Hace más de 30 días,2021-03-29,https://es.indeed.com/rc/clk?jk=ac6f0c704d2f203c&fccid=a6ecb44bea23e5cd&vjs=3
Data Scientist,Glovo,"3,1","Barcelona, Barcelona provincia",False,Hace más de 30 días,2021-03-29,https://es.indeed.com/rc/clk?jk=b810d65ecb2dabb0&fccid=e79aa74d1d3ace1e&vjs=3
Demand Forecaster,Sanofi,"4,1","Barcelona, Barcelona provincia",False,Hace más de 30 días,2021-03-29,https://es.indeed.com/rc/clk?jk=6dc17c46e00b7d82&fccid=5d3ed74ca4598964&vjs=3
Research support engineer - Atmospheric composition data curation (RE1),Barcelona Supercomputing Center (BSC),,"Barcelona, Barcelona provincia",False,hace 4 días,2021-03-29,https://es.indeed.com/rc/clk?jk=66b12af7ab86f244&fccid=a9e2246650287c61&vjs=3
Funds Manager Part-time,Center for Genomic Regulation,,"Barcelona, Barcelona provincia",False,Hace más de 30 días,2021-03-29,https://es.indeed.com/rc/clk?jk=7b42e1488153bf30&fccid=83df17e5cf55215f&vjs=3
Head of Data,Landbot,,"Barcelona, Barcelona provincia",True,hace 20 días,2021-03-29,https://es.indeed.com/rc/clk?jk=f67b92f65b3aa82e&fccid=e9d42dc4def587ce&vjs=3
Research Manager,Affinity Petcare,"3,8","Barcelona, Barcelona provincia",False,Hace más de 30 días,2021-03-29,https://es.indeed.com/rc/clk?jk=82e7b8803d4c1e06&fccid=0e7299dd2eb3cdbd&vjs=3
Data Science Lead - Activation,Glovo,"3,1","Barcelona, Barcelona provincia",False,Hace más de 30 días,2021-03-29,https://es.indeed.com/rc/clk?jk=fd7a6991dc3b8ba7&fccid=e79aa74d1d3ace1e&vjs=3
Lead Data Engineer,Vistaprint,"3,5","Barcelona, Barcelona provincia",True,hace 22 días,2021-03-29,https://es.indeed.com/rc/clk?jk=9d9fd731b933708b&fccid=3755b60c862441f9&vjs=3
Data Engineer,Glovo,"3,1","Barcelona, Barcelona provincia",False,Hace más de 30 días,2021-03-29,https://es.indeed.com/rc/clk?jk=bac27e2b42f7dcb0&fccid=e79aa74d1d3ace1e&vjs=3
Director of Product Insights (They/She/He),Glovo,"3,1","Barcelona, Barcelona provincia",False,hace 6 días,2021-03-29,https://es.indeed.com/rc/clk?jk=3dd5647cbff01ca5&fccid=e79aa74d1d3ace1e&vjs=3
"Medical Scientist, Oncology & Cell Therapy South – East",Gilead Sciences,"3,6","Valencia, Valencia provincia",True,Hace más de 30 días,2021-03-29,https://es.indeed.com/rc/clk?jk=ba36248741ac3cb2&fccid=e4b075354d7c2865&vjs=3
Data Scientist (m/f/d),ISG Personalmanagement GmbH,,"Madrid, Madrid provincia",False,hace 19 días,2021-03-29,https://es.indeed.com/rc/clk?jk=b7ee59bdd1b9bc06&fccid=5494ecbfbac95540&vjs=3
DATA SCIENTIST BANCO SABADELL,Canal UGR,,"Barcelona, Barcelona provincia",False,Hace más de 30 días,2021-03-29,https://es.indeed.com/rc/clk?jk=9a9a983a8e02af5d&fccid=9a0d568e3c36362b&vjs=3
Scientist - immunoassays,Progenika,,Vizcaya provincia,False,hace 26 días,2021-03-29,https://es.indeed.com/rc/clk?jk=c8008db710efba09&fccid=0cb768ce86009e14&vjs=3
Senior Data Scientist,Nextail Labs S.L.,,"Madrid, Madrid provincia",True,Hace más de 30 días,2021-03-29,https://es.indeed.com/rc/clk?jk=d79a714ad4b55d1c&fccid=4b53d7d9686adb6e&vjs=3
"Senior Data Scientist, Demand Forecasting - Europe Remote",Vistaprint,"3,5","Barcelona, Barcelona provincia",True,hace 25 días,2021-03-29,https://es.indeed.com/rc/clk?jk=e99589757004b5d1&fccid=3755b60c862441f9&vjs=3
Data Scientist,Mur & Martí,,"Sant Cugat del Vallès, Barcelona provincia",False,Hace más de 30 días,2021-03-29,https://es.indeed.com/rc/clk?jk=1d9a83db1275b907&fccid=9d494fd9d5a7eace&vjs=3
Programador/a Python,AIS Group,,"Barcelona, Barcelona provincia",False,Hace más de 30 días,2021-03-29,https://es.indeed.com/rc/clk?jk=a586779e3c360bc9&fccid=351cc1d858f37a8d&vjs=3
Lead Machine Learning Engineer,Boston Consulting Group,"4,2","Barcelona, Barcelona provincia",False,Hace más de 30 días,2021-03-29,https://es.indeed.com/rc/clk?jk=68c4c4c70124553d&fccid=b95f9eb47968fa13&vjs=3
Data Scientist,BETWEEN,"4,0","Las Rozas de Madrid, Madrid provincia",False,Hace más de 30 días,2021-03-29,https://es.indeed.com/rc/clk?jk=600f3e64338ff1ff&fccid=ebbb60231f495644&vjs=3
Data Scientist,Growara,,,True,Hace más de 30 días,2021-03-29,https://es.indeed.com/rc/clk?jk=4eb2e3e93cf39e8d&fccid=8a5f4159cfeb2ab2&vjs=3
Data Scientist - Advanced Analytics,McKinsey & Company,"4,3","Madrid, Madrid provincia",False,Hace más de 30 días,2021-03-29,https://es.indeed.com/rc/clk?jk=080cb629147626b2&fccid=6576e7250aa78c3c&vjs=3
Data Analyst - Routing,Glovo,"3,1","Barcelona, Barcelona provincia",False,Hace más de 30 días,2021-03-29,https://es.indeed.com/rc/clk?jk=e90010da741994ea&fccid=e79aa74d1d3ace1e&vjs=3
Manufacturing Analytics Manager (Madrid or Barcelona),Accenture,"4,0","Barcelona, Barcelona provincia",False,Hace más de 30 días,2021-03-29,https://es.indeed.com/rc/clk?jk=218872231ff6e32d&fccid=a4e4e2eaf26690c9&vjs=3
Data Ops Engineer (f/m),Axpo,,"Madrid, Madrid provincia",False,hace 4 días,2021-03-29,https://es.indeed.com/rc/clk?jk=21c725ae1c6288d8&fccid=d63272c705cae0dd&vjs=3
Digital Marketing Specialist/Executive,Ignitia AB,,"Madrid, Madrid provincia",False,hace 3 días,2021-03-29,https://es.indeed.com/rc/clk?jk=5c15576d2488c3e8&fccid=bd39fabf50651246&vjs=3
Lead Data Engineer,Vistaprint,"3,5","Barcelona, Barcelona provincia",True,hace 22 días,2021-03-29,https://es.indeed.com/rc/clk?jk=9d9fd731b933708b&fccid=3755b60c862441f9&vjs=3
Data Analytics Lead - Q-Commerce,Glovo,"3,1","Barcelona, Barcelona provincia",False,hace 24 días,2021-03-29,https://es.indeed.com/rc/clk?jk=09ba49f145a4b765&fccid=e79aa74d1d3ace1e&vjs=3
Programador/a Python,AIS Group,,"Barcelona, Barcelona provincia",False,Hace más de 30 días,2021-03-29,https://es.indeed.com/rc/clk?jk=a586779e3c360bc9&fccid=351cc1d858f37a8d&vjs=3
"Senior Data Scientist, Demand Forecasting - Europe Remote",Vistaprint,"3,5","Barcelona, Barcelona provincia",True,hace 25 días,2021-03-29,https://es.indeed.com/rc/clk?jk=e99589757004b5d1&fccid=3755b60c862441f9&vjs=3
Senior Scientist Genomics,Archer Daniels Midland Company,,"Valencia, Valencia provincia",False,Hace más de 30 días,2021-03-29,https://es.indeed.com/rc/clk?jk=a183f0eb3450b2d5&fccid=a46683ec51ead49e&vjs=3
Data Scientist,Growara,,,True,Hace más de 30 días,2021-03-29,https://es.indeed.com/rc/clk?jk=4eb2e3e93cf39e8d&fccid=8a5f4159cfeb2ab2&vjs=3
IVD PRODUCT DEVELOPMENT SCIENTIST,MICROLIQUID,,"Arrasate/Mondragón, Guipúzcoa provincia",False,Hace más de 30 días,2021-03-29,https://es.indeed.com/rc/clk?jk=39b75ab6c1cff4e7&fccid=cc742d02295d8eaf&vjs=3
"AI/ML - Language Engineer (Portuguese Brazilian), Siri Understanding",Apple,"4,2","Barcelona, Barcelona provincia",False,Hace más de 30 días,2021-03-29,https://es.indeed.com/rc/clk?jk=06ff4fea1f81a0a7&fccid=c1099851e9794854&vjs=3
SENIOR SCIENTIST C. ELEGANS,Archer Daniels Midland Company,,"Valencia, Valencia provincia",False,Hace más de 30 días,2021-03-29,https://es.indeed.com/rc/clk?jk=66f87c1f01da6280&fccid=a46683ec51ead49e&vjs=3
Head of Behavioural Science - People Analytics Team,Novartis,"4,1","Barcelona, Barcelona provincia",False,Hace más de 30 días,2021-03-29,https://es.indeed.com/rc/clk?jk=3598504f55f9b8c3&fccid=c35194d01a9e2595&vjs=3
Data Scientist,Glovo,"3,1","Barcelona, Barcelona provincia",False,Hace más de 30 días,2021-03-29,https://es.indeed.com/rc/clk?jk=b810d65ecb2dabb0&fccid=e79aa74d1d3ace1e&vjs=3
Trait Discovery Research Specialist,Bayer,"4,2","El Ejido, Almería provincia",False,Hace más de 30 días,2021-03-29,https://es.indeed.com/rc/clk?jk=5ee69f1aa4dfd93a&fccid=e08122e0e993cc32&vjs=3
Data Scientist,Firmenich,"3,8","Barcelona, Barcelona provincia",False,Hace más de 30 días,2021-03-29,https://es.indeed.com/rc/clk?jk=4ca64de8134504e4&fccid=681e3ec27326137f&vjs=3
Principal Interaction Designer,King,,"Barcelona, Barcelona provincia",False,hace 23 días,2021-03-29,https://es.indeed.com/rc/clk?jk=274b1afe33c3497c&fccid=6d65cb9ba1f73d65&vjs=3
Big Data Product Owner,Roche,"4,2","Sant Cugat del Vallès, Barcelona provincia",False,Hace más de 30 días,2021-03-29,https://es.indeed.com/rc/clk?jk=e0662a887b05286e&fccid=bca1c8ed48c3b338&vjs=3
Data Scientist - Alicante - R,Michael Page España,,"Alicante, Alicante provincia",False,hace 25 días,2021-03-29,https://es.indeed.com/rc/clk?jk=2a8ae96127e133c7&fccid=359175a9879dbba6&vjs=3
Data Scientist,BETWEEN,"4,0","Las Rozas de Madrid, Madrid provincia",False,Hace más de 30 días,2021-03-29,https://es.indeed.com/rc/clk?jk=600f3e64338ff1ff&fccid=ebbb60231f495644&vjs=3
Principal Interaction Designer,King.com,,"Barcelona, Barcelona provincia",False,hace 23 días,2021-03-29,https://es.indeed.com/rc/clk?jk=39f1e4b3c06fe946&fccid=5f2cea8400b4965b&vjs=3
OFFICE ADMIN SUPPORT/ MEMBERSHIP ASSISTANT (part-time position),Analisis y Desarrollo,,"Barcelona, Barcelona provincia",False,hace 19 días,2021-03-29,https://es.indeed.com/rc/clk?jk=8853320e983b9c22&fccid=acc924b6e4fef3a4&vjs=3
Data Scientist Specialist / Multinational,HUB Talent,,"Madrid, Madrid provincia",False,Hace más de 30 días,2021-03-29,https://es.indeed.com/rc/clk?jk=2f625b1d0067e94b&fccid=c0f3931109f1ccd3&vjs=3
"BI Engineer, Global Markets",Adevinta,,"Barcelona, Barcelona provincia",False,hace 6 días,2021-03-29,https://es.indeed.com/rc/clk?jk=ac7e2b29dceedf20&fccid=5aecff49966a6ffd&vjs=3
Financial Planning Analyst - Iberia (Spain & Portugal),LEO Pharma,"3,6","Barcelona, Barcelona provincia",False,Hace más de 30 días,2021-03-29,https://es.indeed.com/rc/clk?jk=2e9bd88a602f1913&fccid=e451983f117abb61&vjs=3
Data Scientist,PepsiCo,"3,8","Cornellà de Llobregat, Barcelona provincia",False,Hace más de 30 días,2021-03-29,https://es.indeed.com/rc/clk?jk=1bfb4f6e57bee7bd&fccid=2973259ddc967948&vjs=3
Data Warehouse Architect,Typeform,,"Barcelona, Barcelona provincia",False,hace 10 días,2021-03-29,https://es.indeed.com/rc/clk?jk=45c824b9a46c7a38&fccid=44af720155627f3d&vjs=3
Senior Data Scientist,Adidea,,"Madrid, Madrid provincia",False,Hace más de 30 días,2021-03-29,https://es.indeed.com/rc/clk?jk=77e29a0195f0ea79&fccid=f58be3f0d1c9f847&vjs=3
Data Scientist,e-Frontiers,,"Madrid, Madrid provincia",False,Hace más de 30 días,2021-03-29,https://es.indeed.com/rc/clk?jk=9763eeaa0a9cc084&fccid=ed59e6569ae50dc9&vjs=3
Data Scientist,Click IT point,,"Madrid, Madrid provincia",False,Hace más de 30 días,2021-03-29,https://es.indeed.com/rc/clk?jk=a51ce3a91f16d649&fccid=ef76ed67af47a3c9&vjs=3
"Medical Scientist, Oncology & Cell Therapy South – East",Gilead Sciences,"3,6","Valencia, Valencia provincia",True,Hace más de 30 días,2021-03-29,https://es.indeed.com/rc/clk?jk=ba36248741ac3cb2&fccid=e4b075354d7c2865&vjs=3
"Senior Scientist Gene Therapy (Adeno - AAVs - Molecular Assay Development), (code ES 250620)",ADV Talent Partners,,Madrid provincia,False,Hace más de 30 días,2021-03-29,https://es.indeed.com/rc/clk?jk=6e55197963793121&fccid=f94f2fe19869476a&vjs=3
Data Engineer,Glovo,"3,1","Barcelona, Barcelona provincia",False,Hace más de 30 días,2021-03-29,https://es.indeed.com/rc/clk?jk=bac27e2b42f7dcb0&fccid=e79aa74d1d3ace1e&vjs=3
JavaScript Developer,DNV GL AS,"3,8","l'Hospitalet de Llobregat, Barcelona provincia",False,Hace más de 30 días,2021-03-29,https://es.indeed.com/rc/clk?jk=ca76f4f4405e1863&fccid=e11925963c0b831e&vjs=3
Data Scientist (AI for Biosciences) - Biioscientific Multinational Company,Michael Page España,,"Madrid, Madrid provincia",False,Hace más de 30 días,2021-03-29,https://es.indeed.com/rc/clk?jk=8e7f6181c47e39cf&fccid=359175a9879dbba6&vjs=3
"Manager, Data Science",Westinghouse Electric Company,,"Madrid, Madrid provincia",False,Hace más de 30 días,2021-03-29,https://es.indeed.com/rc/clk?jk=278cbd3af685af14&fccid=42e773e039e3c8bf&vjs=3
Data Scientist - Bilbao,Panda security,"3,6","Bilbao, Vizcaya provincia",False,Hace más de 30 días,2021-03-29,https://es.indeed.com/rc/clk?jk=ac97e8a7406cb9c7&fccid=07a8cb32519dd8da&vjs=3
Principal Data Scientist,King.com,,"Barcelona, Barcelona provincia",False,Hace más de 30 días,2021-03-29,https://es.indeed.com/rc/clk?jk=7dd2fb3779bddbae&fccid=5f2cea8400b4965b&vjs=3
January 2021 - Research Software Engineer for Gamma-Ray Telescope Data Management Services,IFAE,,"Bellaterra, Barcelona provincia",False,Hace más de 30 días,2021-03-29,https://es.indeed.com/rc/clk?jk=fa34382e00d78324&fccid=8d1696e3dfe757ce&vjs=3
Data Engineer - BI,Glovo,"3,1","Barcelona, Barcelona provincia",False,Hace más de 30 días,2021-03-29,https://es.indeed.com/rc/clk?jk=659bb9771e1a0e37&fccid=e79aa74d1d3ace1e&vjs=3
Software Engineer - Barcelona,Vonage,,"Barcelona, Barcelona provincia",False,Hace más de 30 días,2021-03-29,https://es.indeed.com/rc/clk?jk=4b142eb371b28831&fccid=9ae5a27119edd141&vjs=3
Project Engineer/Scientist,ALL4,,"Arca, A Coruña provincia",False,Hace más de 30 días,2021-03-29,https://es.indeed.com/rc/clk?jk=6c423a7c345d9059&fccid=472d050fa2afe94d&vjs=3
Internship: Software engineer (big data projects),GMV,"4,3","Tres Cantos, Madrid provincia",False,Hace más de 30 días,2021-03-29,https://es.indeed.com/rc/clk?jk=52fca7526f2537d1&fccid=ac36beb745e68baf&vjs=3
Accelerated Genetics Research Specialist Lead,Bayer,"4,2","La Mojonera, Almería provincia",False,hace 12 días,2021-03-29,https://es.indeed.com/rc/clk?jk=d3050b244e92d85f&fccid=e08122e0e993cc32&vjs=3
Backend Developer for Translational Science,Boehringer Ingelheim,"4,1","Sant Cugat del Vallès, Barcelona provincia",False,hace 3 días,2021-03-29,https://es.indeed.com/rc/clk?jk=6cf0ec6efe91fcd4&fccid=6902b1131240791f&vjs=3
Principal ML Engineer,PepsiCo,"3,8","Cornellà de Llobregat, Barcelona provincia",False,Hace más de 30 días,2021-03-29,https://es.indeed.com/rc/clk?jk=108f740aa4bdecaf&fccid=2973259ddc967948&vjs=3
Senior Clinical Scientist / Medical Monitor - Oncology,Covance by Labcorp,,"Cañada, Alicante provincia",False,Recién publicado,2021-03-29,https://es.indeed.com/pagead/clk?mo=r&ad=-6NYlbfkN0DPts0BZf5RUYLDzn3w3ZnJ6tvKFkWy9R8DmKHR3APzNRWc-EEvMjVzgIax4YNqup_4yuvSJBxU5SSKFzVhANpQUdUYI1qwN571zCvzADEJuxN8nkfvTOI7R8ci_mK_79ZgzjY758sDbyzapgc26xOYJN-Nb7Zpu1KjKwerNTl4x204lHtTAwNXAvbH_dZI0BlCrp97GqWaI-6dePaZpNFYT1bcWCLZ60FBfzAIfVeho-7-BvlM-P8iogNUtuOVcNQcW3mmeyDEIXlYDUkzJosmup1BAzLTtdArZ1vN-Sfjdz9osqcbi_p1XFGRQv01PN5DNYC5aC7jLSkvS3EmMwvccrPG6vskaIubppM8rGkdJVv0RcTVG73POXLnel2x9CHSALt3IpwG0kN5Cmei6ZkCFDhzhiGmaD685XB3uCpji0qt8CGNzzlm_vb6ejMXY5dpei5XlrKL7Tet7tWlmXOoRS5gyhnl8Wm09V3wmnac7rFNAhcAdxPG&p=48&fvj=0&vjs=3
Data Devops,Typeform,,"Barcelona, Barcelona provincia",False,Hace más de 30 días,2021-03-29,https://es.indeed.com/rc/clk?jk=4cfba51327b796c4&fccid=44af720155627f3d&vjs=3
SENIOR SCIENTIST C. ELEGANS,Archer Daniels Midland Company,,"Valencia, Valencia provincia",False,Hace más de 30 días,2021-03-29,https://es.indeed.com/rc/clk?jk=66f87c1f01da6280&fccid=a46683ec51ead49e&vjs=3
Formulation Scientist,Insud Pharma,,"León, León provincia",False,Hace más de 30 días,2021-03-29,https://es.indeed.com/rc/clk?jk=6d08c36a03d43b52&fccid=333f0ccab65ac3d2&vjs=3
"Senior Scientist Gene Therapy (Adeno - AAVs - Molecular Assay Development), (code ES 250620)",ADV Talent Partners,,Madrid provincia,False,Hace más de 30 días,2021-03-29,https://es.indeed.com/rc/clk?jk=6e55197963793121&fccid=f94f2fe19869476a&vjs=3
OFFICE ADMIN SUPPORT/ MEMBERSHIP ASSISTANT (part-time position),Analisis y Desarrollo,,"Barcelona, Barcelona provincia",False,hace 19 días,2021-03-29,https://es.indeed.com/rc/clk?jk=8853320e983b9c22&fccid=acc924b6e4fef3a4&vjs=3
Head of Finance Marketing (They/She/He),Glovo,"3,1","Barcelona, Barcelona provincia",False,hace 27 días,2021-03-29,https://es.indeed.com/rc/clk?jk=be3226e8c1886009&fccid=e79aa74d1d3ace1e&vjs=3
Software Engineer - Barcelona,Vonage,,"Barcelona, Barcelona provincia",False,Hace más de 30 días,2021-03-29,https://es.indeed.com/rc/clk?jk=4b142eb371b28831&fccid=9ae5a27119edd141&vjs=3
"Applied Science Internship - Natural Language Processing, Machine Leaning, Information Retrieval","Amazon Spain Services, S.L.","3,6","Barcelona, Barcelona provincia",False,Hace más de 30 días,2021-03-29,https://es.indeed.com/rc/clk?jk=5b5c385739e3fc3a&fccid=fe2d21eef233e94a&vjs=3
CONTRATO Titulado Superior Ingeniería,Instituto de Investigacion Sanitaria La Fe,"3,7","Valencia, Valencia provincia",False,Hace más de 30 días,2021-03-29,https://es.indeed.com/rc/clk?jk=d9138ed6d0938481&fccid=c6bbf56bf89de3cf&vjs=3
Spanish NLU Consultant,Cerence,,,True,Hace más de 30 días,2021-03-29,https://es.indeed.com/rc/clk?jk=54a57e5833081b7f&fccid=96deaee4ceac5d13&vjs=3
CONTRATO Titulado Superior Ingenieria,Instituto de Investigacion Sanitaria La Fe,"3,7","Valencia, Valencia provincia",False,Hace más de 30 días,2021-03-29,https://es.indeed.com/rc/clk?jk=6fbb152efad8acbe&fccid=c6bbf56bf89de3cf&vjs=3
Senior Business Analyst (They/She/He),Glovo,"3,1","Barcelona, Barcelona provincia",False,hace 13 días,2021-03-29,https://es.indeed.com/rc/clk?jk=e3e25d6a1d72e81c&fccid=e79aa74d1d3ace1e&vjs=3
Python Developer,Altair Engineering,,"Barcelona, Barcelona provincia",False,Hace más de 30 días,2021-03-29,https://es.indeed.com/rc/clk?jk=e83356ae05486fea&fccid=3453268f43beb582&vjs=3
Product Manager - Workflows,Typeform,,"Barcelona, Barcelona provincia",False,hace 27 días,2021-03-29,https://es.indeed.com/rc/clk?jk=567a720ca84327d1&fccid=44af720155627f3d&vjs=3
Ingeniero/a Junior Big Data,SICE,"4,0","Madrid, Madrid provincia",False,hace 25 días,2021-03-29,https://es.indeed.com/rc/clk?jk=20dae18b589eaebf&fccid=f33b6ab221e59d67&vjs=3
Media Software Engineer - Barcelona,Vonage,,"Barcelona, Barcelona provincia",False,Hace más de 30 días,2021-03-29,https://es.indeed.com/rc/clk?jk=6035f14d13eb06f6&fccid=9ae5a27119edd141&vjs=3
"Senior Technical Recruiter, Verse",Verse,,"Barcelona, Barcelona provincia",False,hace 3 días,2021-03-29,https://es.indeed.com/rc/clk?jk=dfbb56b03404f99c&fccid=d2b4e3cbfedff77b&vjs=3
Sales Representative,Graphext Labs,,,True,Hace más de 30 días,2021-03-29,https://es.indeed.com/rc/clk?jk=f3b0008d5ebb278d&fccid=f4ecf3f0d829e8d1&vjs=3
Text Mining research engineer (RE2),Barcelona Supercomputing Center (BSC),,"Barcelona, Barcelona provincia",False,hace 3 días,2021-03-29,https://es.indeed.com/rc/clk?jk=db742537c1453d27&fccid=a9e2246650287c61&vjs=3
Digital Manufacturing Project Manager,International Flavors & Fragrances,"3,8","Benicarló, Castellón provincia",False,hace 11 días,2021-03-29,https://es.indeed.com/rc/clk?jk=70ac142d0b163dee&fccid=87c08f0984b02c4c&vjs=3
Digital Marketing Specialist/Executive,Ignitia AB,,"Madrid, Madrid provincia",False,hace 3 días,2021-03-29,https://es.indeed.com/rc/clk?jk=5c15576d2488c3e8&fccid=bd39fabf50651246&vjs=3
Senior Data Scientist,Adidea,,"Madrid, Madrid provincia",False,Hace más de 30 días,2021-03-29,https://es.indeed.com/rc/clk?jk=77e29a0195f0ea79&fccid=f58be3f0d1c9f847&vjs=3
Solutions Architect,Clarivate Analytics,"3,5","Barcelona, Barcelona provincia",False,Hace más de 30 días,2021-03-29,https://es.indeed.com/rc/clk?jk=5302847ae1c1e7c5&fccid=39cdc80b98113925&vjs=3
Senior BI Engineer,Glovo,"3,1","Barcelona, Barcelona provincia",False,Hace más de 30 días,2021-03-29,https://es.indeed.com/rc/clk?jk=c4f12e8d78d06111&fccid=e79aa74d1d3ace1e&vjs=3
Product Manager - Courier Management (They/She/He),Glovo,"3,1","Barcelona, Barcelona provincia",False,hace 23 días,2021-03-29,https://es.indeed.com/rc/clk?jk=8a24d9ef3c3d7e6f&fccid=e79aa74d1d3ace1e&vjs=3
Data Warehouse Architect,Typeform,,"Barcelona, Barcelona provincia",False,hace 10 días,2021-03-29,https://es.indeed.com/rc/clk?jk=45c824b9a46c7a38&fccid=44af720155627f3d&vjs=3
Senior Data Scientist - Customer Success,Typeform,,"Barcelona, Barcelona provincia",False,Hace más de 30 días,2021-03-29,https://es.indeed.com/rc/clk?jk=35e708f7b20b39e7&fccid=44af720155627f3d&vjs=3
“Postdoctoral Researcher in the group “Evolutionary Processes Modeling””,Center for Genomic Regulation,,"Barcelona, Barcelona provincia",False,Hace más de 30 días,2021-03-29,https://es.indeed.com/rc/clk?jk=c1736f96487cfe83&fccid=83df17e5cf55215f&vjs=3
Junior Research Engineer - Development of epidemiology web apps (RE1),Barcelona Supercomputing Center (BSC),,"Barcelona, Barcelona provincia",False,hace 4 días,2021-03-29,https://es.indeed.com/rc/clk?jk=5efa4d750825b6a5&fccid=a9e2246650287c61&vjs=3
Senior Data Scientist Computer Vision,NTT Disruption,,"Madrid, Madrid provincia",False,Hace más de 30 días,2021-03-29,https://es.indeed.com/rc/clk?jk=8ca3801fbb108e5f&fccid=5bdddf796fa32ba6&vjs=3
"Manager, Data Science",Westinghouse Electric Company,,"Madrid, Madrid provincia",False,Hace más de 30 días,2021-03-29,https://es.indeed.com/rc/clk?jk=278cbd3af685af14&fccid=42e773e039e3c8bf&vjs=3
SPECIALIST SCIENTIST IN CHROMATOGRAPHY,Eurofins Central Laboratory,"3,0","Murcia, Murcia provincia",False,Hace más de 30 días,2021-03-29,https://es.indeed.com/rc/clk?jk=f6bc8df62aec3105&fccid=da33f48dbeb2e889&vjs=3
Graduate Professional Services Consultant,AWS EMEA SARL (Spain Branch),"3,6","Madrid, Madrid provincia",False,Hace más de 30 días,2021-03-29,https://es.indeed.com/rc/clk?jk=e35a1708e36461bd&fccid=fe2d21eef233e94a&vjs=3
Medical Software QA Engineer,QMenta,,"Barcelona, Barcelona provincia",True,Hace más de 30 días,2021-03-29,https://es.indeed.com/rc/clk?jk=00a4014926d4ab73&fccid=2436d3943670f277&vjs=3
Principal Scientist Toledo,Johnson & Johnson Family of Companies,"4,2","Toledo, Toledo provincia",False,Hace más de 30 días,2021-03-29,https://es.indeed.com/rc/clk?jk=a877ce08d7bd88ea&fccid=0bed8e17bc113980&vjs=3
"Data Scientist (Python, Machine Learning, Hadoop)",BETWEEN,"4,0","Bilbao, Vizcaya provincia",False,hace 27 días,2021-03-29,https://es.indeed.com/rc/clk?jk=bf1ba63e90c7e807&fccid=ebbb60231f495644&vjs=3
DATA SCIENTIST SENIOR,Sotech Consulting,,"Las Palmas de Gran Canaria, Las Palmas provincia",False,Hace más de 30 días,2021-03-29,https://es.indeed.com/rc/clk?jk=8d3c091669906f4e&fccid=a5d6614bb77bfa4a&vjs=3
Digital Support Specialist,Johnson & Johnson Family of Companies,"4,2","Madrid, Madrid provincia",False,hace 4 días,2021-03-29,https://es.indeed.com/rc/clk?jk=249266cbed17a3dc&fccid=0bed8e17bc113980&vjs=3
Vice President of Software Engineering,Zinio,"3,3","Barcelona, Barcelona provincia",True,Hace más de 30 días,2021-03-29,https://es.indeed.com/rc/clk?jk=370977fb65624cc8&fccid=925b8e3f4298ad62&vjs=3
Project Engineer/Scientist,ALL4,,"Arca, A Coruña provincia",False,Hace más de 30 días,2021-03-29,https://es.indeed.com/rc/clk?jk=6c423a7c345d9059&fccid=472d050fa2afe94d&vjs=3
Desarrollador/a Full-Stack,Sanz Clima S.L.,,"Madrid, Madrid provincia",False,hace 5 días,2021-03-29,https://es.indeed.com/rc/clk?jk=9eea2c932425c7c1&fccid=7f37a8772ecea20f&vjs=3
Data Engineer,CAPITOLE CONSULTING,,"Madrid, Madrid provincia",False,Hace más de 30 días,2021-03-29,https://es.indeed.com/rc/clk?jk=0d9317f41423851b&fccid=d4f98c1e3cf0e96f&vjs=3
Principal Scientist Flow Chemistry Toledo,Johnson & Johnson Family of Companies,"4,2","Toledo, Toledo provincia",False,Hace más de 30 días,2021-03-29,https://es.indeed.com/rc/clk?jk=6d1e25a653f93208&fccid=0bed8e17bc113980&vjs=3
Software Product Manager - Fintech Risk Scoring (They/She/He),Glovo,"3,1","Barcelona, Barcelona provincia",False,Hace más de 30 días,2021-03-29,https://es.indeed.com/rc/clk?jk=59befb166bde0a07&fccid=e79aa74d1d3ace1e&vjs=3
"Senior Scientist, Clinical Science Analytics & Insights",Clinical Solutions,,"Madrid, Madrid provincia",True,Hace más de 30 días,2021-03-29,https://es.indeed.com/rc/clk?jk=9d67ac31d94fe2cf&fccid=ee36318f492b3846&vjs=3
Clinical Safety Scientist (level depent on experience),CTI Clinical Trial and Consulting,,"Centro-Madrid, Madrid provincia",True,hace 22 días,2021-03-29,https://es.indeed.com/company/CTI-Clinical-Trial-and-Consulting/jobs/Clinical-safety-scientist-c057787068f0b53b?fccid=6af8582792dc1c52&vjs=3
Fullstack Engineer,The Boston Consulting Group,"4,2","Barcelona, Barcelona provincia",False,Hace más de 30 días,2021-03-29,https://es.indeed.com/rc/clk?jk=a35eb5cb02792fb6&fccid=b95f9eb47968fa13&vjs=3
"Senior Director, Data Science - Digital Markets",Gartner,,"Barcelona, Barcelona provincia",False,Hace más de 30 días,2021-03-29,https://es.indeed.com/rc/clk?jk=9c9ad7de82c0d853&fccid=be293f1def77a963&vjs=3
January 2021 - Research Software Engineer for Gamma-Ray Telescope Data Management Services,IFAE,,"Bellaterra, Barcelona provincia",False,Hace más de 30 días,2021-03-29,https://es.indeed.com/rc/clk?jk=fa34382e00d78324&fccid=8d1696e3dfe757ce&vjs=3
DATA ENGINEER,Tendam,"3,9","Madrid, Madrid provincia",False,Hace más de 30 días,2021-03-29,https://es.indeed.com/rc/clk?jk=0d9b1fb1dfa8d1c1&fccid=5802ad754fad3b90&vjs=3
Senior Clinical Scientist / Medical Monitor - Oncology,Covance by Labcorp,,"Cañada, Alicante provincia",False,Recién publicado,2021-03-29,https://es.indeed.com/pagead/clk?mo=r&ad=-6NYlbfkN0DPts0BZf5RUYLDzn3w3ZnJ6tvKFkWy9R8DmKHR3APzNRWc-EEvMjVzgIax4YNqup_4yuvSJBxU5SSKFzVhANpQUdUYI1qwN571zCvzADEJuxN8nkfvTOI7R8ci_mK_79ZgzjY758sDbyzapgc26xOYJN-Nb7Zpu1KjKwerNTl4xyVDaAQPz2YsdqhD81wF0dGjLr6Jmb24Nq_Furaw0IQJnQmiPf6UAgH7FpmHUL1fiiMjJWePPvfl2NJBMlNvQgiQxgOplUgrpFkJPmCPlMuSW3HkXd3q3mKrhejeDVvrL8bhnYc99HZoWGzhdZ425xu-60cOJOUV_fSq9vWGbhr5iaLK-IozPw3qcIfRyVU5xGn_FBRY38ljb9owW88qiZKC4cJLEvnihHSax_lEaC-E66tKeKa--12XRsaIKNUBAJSsIPDuafxtHdhwKlcMAN2sNcs0RGIymJTCvMPx5BKUsx3r8N06szi-6L-i_JqY3sKi7pdQtfIC&p=49&fvj=0&vjs=3
"Research Scientist, Predictive Sciences (Cellular Phenotypes)",Bristol Myers Squibb,"4,2","Sevilla, Sevilla provincia",False,Hace más de 30 días,2021-03-29,https://es.indeed.com/pagead/clk?mo=r&ad=-6NYlbfkN0C8DhssTksZ4tAWhh8LVIFF2qionQVVpONm6qYGpiaOiVRjP1y_hF87ceWZXPkKrhEBOjZgjkCGfzN0Rd6-Ql18myashin6A3QgP3ieGNrEfv2lNS35dTp-1GVN7224upGLkbC_ck4DGmKwvrO5y62yx2-BSRdKB4fB6ycAE-Z2GTS7TB57OWA80m8uWKjnvrncvilIvNY5UT0s3jSLUkrsjAfAmxRruLTu3wl4T8DmHBo5b04K-0VGHS4RMQJLQVslDVQAxQMChkgd9FwldV3kPhgFujF2Ro966bU69NFFXSdFhu1OYJptcVZHZMSQBEY6vWHYGanlBzHZ7tSHIB3EFcULDYcupg3_dQqLS2o6g50fYEcc2J3I8UT-2_Ioad7yzlaUb2tWhFeOaV8jp0N6Dm18c_f4T5pGGy_q9IXP6qQo62qkxyKkSzGAWxvvWdEMxpHoTSOJw9bO2jUx_YP_zoSMgtt9lRIb0aXSCmyRk2m7aBUGAkVHvqw1tAgvIJn2175aFe5f9FoFbABO-k_AJw27uO_p7huDmutxWGXHGrg4-tj06c-_0XS_jhp2mhwUelE7Z8xgzQ2uNHXxx8vGPqudYjPltNrl3BtX4IBZqwWEMxYMpNzfTBFdsiodCeGPkI4_WaN5hWk6EA1JnJWs&p=0&fvj=0&vjs=3
Medior Data Engineer,Full Orbit,,"Barcelona, Barcelona provincia",True,Hace más de 30 días,2021-03-29,https://es.indeed.com/pagead/clk?mo=r&ad=-6NYlbfkN0CHmRSAiKfn_6SJNYdHvOnGfi3mA1Tv1I-CchdVbcGCwWRiqOgnHORgHiYo9MDfu9SDCeJqycBKweyX91Iu-sCcec-CaRG1A3RBAj98Vk63hqUdtgcjmZ_2HN8M6iChOxSkTLw7tv8toPCp2sm_dmpMK9PiGhUwm8mtI9oF7mUdFupDs4wr9j2qzfGyiLSLMexZUI9AkpZcz5SmSdDcvY_VgFF782q24mlICZyvW1GH76Bb3HDOqwqmF28lNdkWof3wx0YwOt1qZ86HzfOta4LKxBr64rlnfXJzfh995bM57eYRMwFYMnYCv0_n4VOiH_UyFreBVgxS4WtXcu_KimgDtNOGX7YtZt4vM3Pr_gS4pbQlv9MnRPHgB2U9qwCyA9uBzhRlZJ04yrLfPUXRGMaBaywjWRNV2QcdFVD9upJohBF2KN0-DIk9kFDgg4Qno7D87Z7CEm1SD3PQy74RNird&p=1&fvj=1&vjs=3
Data Science Graduate Program,Bertelsmann SE & Co. KGaA - Corporate Center,,España,False,hace 16 días,2021-03-29,https://es.indeed.com/pagead/clk?mo=r&ad=-6NYlbfkN0BA3NfIPQdeFiObJux3KA6mAEJHKASivkOLnZGLQNtuedDpcRx3uB3o8D6odEEWhkEr8JLY-pSQR_1AEpO83vBKTqNqj_dF-Kc1jq2MNVgMVoi4JA8NWhTRrD-ddrdzESZRPY2eumnHh7sdNVNvMYJkPk2bXDgtyC6rvupj0-LhUyzZ_8WP4fOflgxWQovaPXhFVASxl6HHy7t0-5ItybLjW7OKwb5PU1ePfS9tdj-HhT4zWkuILz2ZDRL063UIjvjkmZemlXy6TF1NyoWhITsryC3OLjsZLeSsYPPc55SkWg9Ph0vYzs8uvtqtA5sxwZp4pmG17uBOa6EKV7fM15vs5Mhia6kV8TtJq1EQc8QD1LCrlFjOdzKSduwODLUciyYbDhO9H04vJl5y6vQQmPIfKndCb8q9bLORgZr4fTRGi2yPJtY92_Ixwvfqm9gsaxmXXyG71sjwZOX4OGuoAyhIRiQnPfw1zgObnHVY6gQN-7OLuti858GF&p=2&fvj=0&vjs=3
Inside Sales Scientist,"Indica Labs, Inc.",,"Madrid, Madrid provincia",True,hace 19 días,2021-03-29,https://es.indeed.com/pagead/clk?mo=r&ad=-6NYlbfkN0Aks5ZCdPrQZAEMPVN0KXV2GylP_Hr7b4nTQbAu2VnpxT6zKXOqJnuZAJZ4A73JFFQTwRrKnyGf4DLLddfiE1IyFVNGRTfAQ41XP7hoS41eYn4KMQ41o0M17Zko0QdlyGoSA3iW3W08MUsOg91GYlwPFl-SkbWHJ2ahAZOv3PtT7MJMtnwWd3wpiZvGsMVWNbP8g6VMH83_8YPqZn9qhlRcT6bIGFtCZ_XFx7DLucarEqooZUmDZbCjRuxL_ztb7FVlINKz3wocn4CWRWPSYyjmF2_cKz1jCfF5MsxERrNA2-FsvzpauhVTuQGzEZNMI0H74zA8Gt3QSMkTomQ4lrzCdHnzOQY1pC15BkW_nwInGkAT6Pd3tLLwrosV_oSREqds7MwwLaRP70qkUNOiCOeD5gF67NKIRTKXnGWfZ9PPkm-okbL7MxZQykZZTaqlIDuVi6nNfvLcw-nUqU-XZn_-&p=3&fvj=1&vjs=3
Solutions Architect,Clarivate Analytics,"3,5","Barcelona, Barcelona provincia",False,Hace más de 30 días,2021-03-29,https://es.indeed.com/rc/clk?jk=5302847ae1c1e7c5&fccid=39cdc80b98113925&vjs=3
Analytics Project Manager,HP,"4,0","Sant Cugat del Vallès, Barcelona provincia",False,Hace más de 30 días,2021-03-29,https://es.indeed.com/rc/clk?jk=a345a65db144f8b1&fccid=1b866506aec22461&vjs=3
Project Engineer/Scientist,ALL4,,"Arca, A Coruña provincia",False,Hace más de 30 días,2021-03-29,https://es.indeed.com/rc/clk?jk=6c423a7c345d9059&fccid=472d050fa2afe94d&vjs=3
Researcher - Vegetation dynamics modeller (R2),Barcelona Supercomputing Center (BSC),,"Barcelona, Barcelona provincia",False,Hace más de 30 días,2021-03-29,https://es.indeed.com/rc/clk?jk=398b7025b6c47c9f&fccid=a9e2246650287c61&vjs=3
Product Manager - Courier Management (They/She/He),Glovo,"3,1","Barcelona, Barcelona provincia",False,hace 23 días,2021-03-29,https://es.indeed.com/rc/clk?jk=8a24d9ef3c3d7e6f&fccid=e79aa74d1d3ace1e&vjs=3
Fullstack Engineer,The Boston Consulting Group,"4,2","Barcelona, Barcelona provincia",False,Hace más de 30 días,2021-03-29,https://es.indeed.com/rc/clk?jk=a35eb5cb02792fb6&fccid=b95f9eb47968fa13&vjs=3
RECODE Program Analyst,BD,"3,8","San Agustín de Guadalix, Madrid provincia",False,hace 18 días,2021-03-29,https://es.indeed.com/rc/clk?jk=4215620dba7d7932&fccid=f33adcecbae03a00&vjs=3
SENIOR PRODUCT OWNER (F/M),AXA,"3,8","Barcelona, Barcelona provincia",False,hace 6 días,2021-03-29,https://es.indeed.com/rc/clk?jk=b582854c3430b1c7&fccid=753062d67d31c43a&vjs=3
"Data Scientist (Python, Machine Learning, Hadoop)",BETWEEN,"4,0","Bilbao, Vizcaya provincia",False,hace 27 días,2021-03-29,https://es.indeed.com/rc/clk?jk=bf1ba63e90c7e807&fccid=ebbb60231f495644&vjs=3
"AI/ML - Language Engineer (Mexican Spanish), Siri Understanding",Apple,"4,2","Barcelona, Barcelona provincia",False,Hace más de 30 días,2021-03-29,https://es.indeed.com/rc/clk?jk=6be32d36c2976291&fccid=c1099851e9794854&vjs=3
Technical Leader (Data Science and Analytics),Tessella,,"Madrid, Madrid provincia",False,Hace más de 30 días,2021-03-29,https://es.indeed.com/rc/clk?jk=6c9e6f97d7535bdd&fccid=212af5778aa7175d&vjs=3
Pricing Actuary Level 2,Liberty Seguros,"4,4","Madrid, Madrid provincia",False,Hace más de 30 días,2021-03-29,https://es.indeed.com/rc/clk?jk=9c3460ce1dae4249&fccid=0aacd2cb54d38942&vjs=3
Technical earth sciences support (RE2),Barcelona Supercomputing Center (BSC),,"Barcelona, Barcelona provincia",False,hace 17 días,2021-03-29,https://es.indeed.com/rc/clk?jk=f04a8df85401696e&fccid=a9e2246650287c61&vjs=3
Desarrollador/a Full-Stack,Sanz Clima S.L.,,"Madrid, Madrid provincia",False,hace 5 días,2021-03-29,https://es.indeed.com/rc/clk?jk=9eea2c932425c7c1&fccid=7f37a8772ecea20f&vjs=3
Senior IT Consultant Data Scientist,Krashlando,,"Alicante, Alicante provincia",False,hace 11 días,2021-03-29,https://es.indeed.com/rc/clk?jk=206387d1f0dd78f2&fccid=5e88048acc92e2e1&vjs=3
Researcher - climate hazards and risk analysis (R2),Barcelona Supercomputing Center (BSC),,"Barcelona, Barcelona provincia",False,Hace más de 30 días,2021-03-29,https://es.indeed.com/rc/clk?jk=9f62e45069dfd21f&fccid=a9e2246650287c61&vjs=3
"Manager of Product, Global Automation",Criteo,"4,0","Barcelona, Barcelona provincia",False,Hace más de 30 días,2021-03-29,https://es.indeed.com/rc/clk?jk=c4bf57c577c254fa&fccid=d3ee4a7355a0fb60&vjs=3
Senior Media Data Analyst,Fever,"3,6","Madrid, Madrid provincia",False,hace 25 días,2021-03-29,https://es.indeed.com/rc/clk?jk=c19e794956a14142&fccid=552b543e94584d6f&vjs=3
Senior Designer,Typeform,,"Barcelona, Barcelona provincia",False,Hace más de 30 días,2021-03-29,https://es.indeed.com/rc/clk?jk=d45cecd38fbef3ed&fccid=44af720155627f3d&vjs=3
Senior Data Scientist,Holaluz,"4,0","Barcelona, Barcelona provincia",True,hace 6 días,2021-03-29,https://es.indeed.com/rc/clk?jk=f321c7199b6dc44e&fccid=072e277bb0b2f63c&vjs=3
"Senior Director, Data Science - Digital Markets",Gartner,,"Barcelona, Barcelona provincia",False,Hace más de 30 días,2021-03-29,https://es.indeed.com/rc/clk?jk=9c9ad7de82c0d853&fccid=be293f1def77a963&vjs=3
Software Engineer - Machine Learning Platform,Glovo,"3,1","Barcelona, Barcelona provincia",False,Hace más de 30 días,2021-03-29,https://es.indeed.com/rc/clk?jk=c17d24d090960cdc&fccid=e79aa74d1d3ace1e&vjs=3
Internship: Software engineer (big data projects),GMV,"4,3","Tres Cantos, Madrid provincia",False,Hace más de 30 días,2021-03-29,https://es.indeed.com/rc/clk?jk=52fca7526f2537d1&fccid=ac36beb745e68baf&vjs=3
Business Analyst / Data Scientist - Internacional - Sector Farma,Michael Page España,,"Madrid, Madrid provincia",False,Hace más de 30 días,2021-03-29,https://es.indeed.com/rc/clk?jk=e8355e482728d2b3&fccid=359175a9879dbba6&vjs=3
Senior Online Marketing Analyst,eDreams ODIGEO,"3,6","Barcelona, Barcelona provincia",True,Hace más de 30 días,2021-03-29,https://es.indeed.com/rc/clk?jk=65e915bbe4cf1d12&fccid=34d04f6900db138d&vjs=3
January 2021 - Research Software Engineer for Gamma-Ray Telescope Data Management Services,IFAE,,"Bellaterra, Barcelona provincia",False,Hace más de 30 días,2021-03-29,https://es.indeed.com/rc/clk?jk=fa34382e00d78324&fccid=8d1696e3dfe757ce&vjs=3
Senior Post-doctoral Research Position – Single cell Analysis,Center for Genomic Regulation,,"Barcelona, Barcelona provincia",False,Hace más de 30 días,2021-03-29,https://es.indeed.com/rc/clk?jk=83fadc98a72d05d2&fccid=83df17e5cf55215f&vjs=3
PRINCIPAL SCIENTIST (Medicinal Chemistry),Eurofins Central Laboratory,"3,0","Murcia, Murcia provincia",False,Hace más de 30 días,2021-03-29,https://es.indeed.com/rc/clk?jk=833632347742ce2d&fccid=da33f48dbeb2e889&vjs=3
Estadístico,Page Personnel España,"2,5","Barcelona, Barcelona provincia",False,Hace más de 30 días,2021-03-29,https://es.indeed.com/rc/clk?jk=fba4ae711455f338&fccid=e5ea1ff710ce39ca&vjs=3
Big Data Engineer/Ingeniero Big Data sector Banca,Catenon,,"Palma de Mallorca, Illes Balears provincia",False,Hace más de 30 días,2021-03-29,https://es.indeed.com/rc/clk?jk=0781ff55cb905088&fccid=954e55536232ffe0&vjs=3
Senior Frontend Engineer (m/f/x),BCG Digital Ventures,,"Barcelona, Barcelona provincia",False,hace 13 días,2021-03-29,https://es.indeed.com/rc/clk?jk=f6253a86597d5c3f&fccid=1f69c9c641b4c973&vjs=3
Big Data Solution Architect,Zurich Insurance,"3,6","Barcelona, Barcelona provincia",True,Hace más de 30 días,2021-03-29,https://es.indeed.com/rc/clk?jk=9317362704f98a8d&fccid=34938366d45106af&vjs=3
letgo - Search Engineer,Letgo,,"Barcelona, Barcelona provincia",False,hace 9 días,2021-03-29,https://es.indeed.com/rc/clk?jk=f4d9abf512a730d9&fccid=e94e559f275232b4&vjs=3
Clinical Safety Scientist II,"CTI Clinical Trial Services, Inc",,"Madrid, Madrid provincia",False,hace 17 días,2021-03-29,https://es.indeed.com/rc/clk?jk=24a3cdc7ff8db837&fccid=6af8582792dc1c52&vjs=3
Applied Science Manager,"Amazon Spain Services, S.L.","3,6","Madrid, Madrid provincia",False,Hace más de 30 días,2021-03-29,https://es.indeed.com/rc/clk?jk=ed4b1f1074f57289&fccid=fe2d21eef233e94a&vjs=3
SRE (Site Reliability Engineer),Netquest,"3,0","Barcelona, Barcelona provincia",False,hace 27 días,2021-03-29,https://es.indeed.com/rc/clk?jk=31423677fac80da7&fccid=6d477c157e10e36e&vjs=3
"Group Head Quantitative Safety & Epidemiology, Spain",Novartis,"4,1","Barcelona, Barcelona provincia",False,Hace más de 30 días,2021-03-29,https://es.indeed.com/rc/clk?jk=baf9975b70267656&fccid=c35194d01a9e2595&vjs=3
Customer Success Engineer - Analytics,Qlik,"3,7","Barcelona, Barcelona provincia",False,Hace más de 30 días,2021-03-29,https://es.indeed.com/rc/clk?jk=326b4fe708ca2c37&fccid=49ad47b3debb43f4&vjs=3
Senior Media Software Engineer - Barcelona,Vonage,,"Barcelona, Barcelona provincia",False,Hace más de 30 días,2021-03-29,https://es.indeed.com/rc/clk?jk=dbb4dec4c84ab16e&fccid=9ae5a27119edd141&vjs=3
Director Quantitative Analysis,Morningstar,,"Madrid, Madrid provincia",False,hace 25 días,2021-03-29,https://es.indeed.com/rc/clk?jk=bcefcfd9dcbe6913&fccid=eaabf52abd909bd5&vjs=3
Sr. Software Engineer in Test,PerkinElmer,"3,7","Barcelona, Barcelona provincia",False,Hace más de 30 días,2021-03-29,https://es.indeed.com/rc/clk?jk=4fb8613969526eaf&fccid=dedb01f1a81e63e6&vjs=3
Digital Analytics Implementation Specialist,Typeform,,"Barcelona, Barcelona provincia",False,Hace más de 30 días,2021-03-29,https://es.indeed.com/rc/clk?jk=cd56971a6f9dca63&fccid=44af720155627f3d&vjs=3
Manager or Senior Manager for Retail Industry,Accenture,"4,0","Barcelona, Barcelona provincia",False,Hace más de 30 días,2021-03-29,https://es.indeed.com/rc/clk?jk=52d7193c5a6bb0f7&fccid=a4e4e2eaf26690c9&vjs=3
Data Scientist,Click IT point,,"Madrid, Madrid provincia",False,Hace más de 30 días,2021-03-29,https://es.indeed.com/rc/clk?jk=a51ce3a91f16d649&fccid=ef76ed67af47a3c9&vjs=3
Backend Engineer,seedtag,,,True,hace 20 días,2021-03-29,https://es.indeed.com/rc/clk?jk=28794b06232179f2&fccid=b09bb1824c644364&vjs=3
Senior Data Engineer / DevOps,Repsol,"4,2","Móstoles, Madrid provincia",False,hace 4 días,2021-03-29,https://es.indeed.com/rc/clk?jk=c45139413f82a284&fccid=726ddb295203c060&vjs=3
"Manager, Clinical Science Analytics & Insights (CSAI)",Clinical Solutions,,"Madrid, Madrid provincia",True,Hace más de 30 días,2021-03-29,https://es.indeed.com/rc/clk?jk=dff0a2dca64580cb&fccid=ee36318f492b3846&vjs=3
Software Engineer (Backend developer),AXA,"3,8","Barcelona, Barcelona provincia",False,hace 3 días,2021-03-29,https://es.indeed.com/rc/clk?jk=f5989c13b9b00148&fccid=753062d67d31c43a&vjs=3
"Project Physician, Neuroscience, Mood",Johnson & Johnson Family of Companies,"4,2","Milano, Lombardia",False,hace 5 días,2021-03-29,https://es.indeed.com/rc/clk?jk=928b4e761865e696&fccid=0bed8e17bc113980&vjs=3
C++ Senior Software Engineer - Barcelona,Vonage,,"Barcelona, Barcelona provincia",False,Hace más de 30 días,2021-03-29,https://es.indeed.com/rc/clk?jk=6d4b03ed715bc304&fccid=9ae5a27119edd141&vjs=3
"Research Scientist, Predictive Sciences (Integrative Multi-Omics)",Bristol Myers Squibb,"4,2","Sevilla, Sevilla provincia",False,Hace más de 30 días,2021-03-29,https://es.indeed.com/pagead/clk?mo=r&ad=-6NYlbfkN0C8DhssTksZ4tAWhh8LVIFF2qionQVVpONm6qYGpiaOiVRjP1y_hF87ceWZXPkKrhEBOjZgjkCGf1fRb7GcMd_vPNN6qmzocu8QDLg5QgCrdIuroMuy0exmKnQM_aLJ5rA5LrjJiXLj1cxZBVYu1e2DwPOurhxc76keIljkH3eP2jp4YEX5haDHaHUBmhfuSwn96Fb7m5Eg2bUOlCzMy8udbLciTkfNsPnqQvB8eAMkXFP8T2Sm2lt8eP2WcAdxdua0XbhAnUDn8DXB0vVmB_3kkS8rMgnXodG6ag4T515V9gIGIweYSqki5Y1KViYjWpvNkz5d0h05CxOgVuG8W61AFjQ66BsqwCPg2IM1t6VUBO3ncu9rnd3xV15lkwG4df2XnHQ3IWkqm-awm_N_G9iOc9vsKdeT7rcGJQoS6eZUdE96k6xQPz-Fi1zOLQO_LkodZllMoizu7pmw3r4Zs0KyIceH000UxYn9NplAejJ8TKl5YD6rU57SQNQA35Z08b1uTuHYEYyEBiJSUwRUSHysauIDNMIzYN8KRSQBX-ifNd6hOdXgmkimdtEMKOi4Jf-evy9cdwq8xccLbmNfbSlcSUqVkCFk12NWI1bz8Na4Urd33ljAWBJIQ_jisPOcnvroyZ3wY7AgtDEErW9XpRQG&p=54&fvj=0&vjs=3
(Senior) Data Scientist (f/m),Axpo Solutions AG,,"Madrid, Madrid provincia",False,hace 14 días,2021-03-29,https://es.indeed.com/pagead/clk?mo=r&ad=-6NYlbfkN0BR4UNoc9k44-v_alRRWGXj43bOvYSp_tAvO4cRThiE67ZoMR3fDkS_ooQyfs8__ugNvloAJn93eCrrW2rHQenIA9Wss3nDLS_Naw3nLnqzZ8B5fgpOXFzIlo3t0qG6z7cqXkafqR96u57UueHxk71u7WQMJHcnE_6uKitSdZdrgMtyR5HCkRysX6x4DPXcC1qMGSoS3VvomC0saKvzvFDB05aoRenZAgOzyYUztuSSgxaXxgXF-e88RmAKvtmLFD3_liesNxIzTX0uc17UqidAKCMOSYInMm7dr2sDUWYEr3OmJLj9eMU1TQ8D_g-JsakI0AoGag9wsZ-Gzl8AuSg3RyUa7mdABBpyq_fTl1DRJLlu5Yru83SkpMGgng7Jmw2C2jsOf0K469wI2rlKEs--xp7KgacZmuOhGnzPqy7SBh2F2jLvD6vaFPNtZXeVCfRCyeVUx2-SMz4KCLYu3SxNCjFBQd2urUo=&p=55&fvj=0&vjs=3
"Research Scientist, Predictive Sciences (Reverse Translation)",Bristol Myers Squibb,"4,2","Sevilla, Sevilla provincia",False,Hace más de 30 días,2021-03-29,https://es.indeed.com/pagead/clk?mo=r&ad=-6NYlbfkN0C8DhssTksZ4tAWhh8LVIFF2qionQVVpONm6qYGpiaOiVRjP1y_hF87ceWZXPkKrhEBOjZgjkCGf2gKGUjq-hK4Wf6aoPzsfE_KScd-bgYfwI7K0sYROBOfR5uS_6mFVbiFB7QvxFHtAGkdi0A7NdDyXCffupx4wvMeHcl-oJi2sCN9K0cRuag6yGj5vx5aMWiiU-bc-ZjpPN7SI8epiyYbl6ySRqiWGTfWLSIwhM0v6xlfBx2flwT7_2smUGFuCVkM-6mHGa_1zFdN-eY1PlI2EUMlVdAhlB1ZwXT783PxySbyiD8UU3FeCBj7EbzhFWrYNmqwq4osawxKoiiru9SUydHpUPVXK5jO9gaPJFekhaovQ1_X6ocBB5t0_q_MleT9Vw_cHK9ECrk-Ne4ov6I2mrTgktT2rk8ySEXqJBTEO5syTTB_9Ic5tiJ-MjPIqQVKgDQtQGGpxcsQ3fWEEewbit0B62VCCb2_-t-nUjaWpiGqBvJrqcq20A43Je6K3pUYzJ-RSnYIVxQqr-dABiBZ8qq17ZHBrKTQa4E61zB6y7lMXyZz4npsWEjjBcC7RyWJMoY7RkNanqQbee072IzMpZvH4F5m67jJ17O6Jv12LpiR9KKx-8Px-CXCHiBVCIu_SggDUdPj13f5-_CbRnFV&p=56&fvj=0&vjs=3
"AI/ML - Language Engineer (Hebrew), Siri Understanding",Apple,"4,2","Barcelona, Barcelona provincia",False,Hace más de 30 días,2021-03-29,https://es.indeed.com/rc/clk?jk=aca670ccd2eabb8a&fccid=c1099851e9794854&vjs=3
Backend Engineer - Partner Integration,Glovo,"3,1","Barcelona, Barcelona provincia",False,hace 9 días,2021-03-29,https://es.indeed.com/rc/clk?jk=1e4718d2f2ee95c0&fccid=e79aa74d1d3ace1e&vjs=3
Customer Success Engineer - Analytics,Qlik,"3,7","Barcelona, Barcelona provincia",False,Hace más de 30 días,2021-03-29,https://es.indeed.com/rc/clk?jk=326b4fe708ca2c37&fccid=49ad47b3debb43f4&vjs=3
Online Display Advertising Manager,eDreams ODIGEO,"3,6","Barcelona, Barcelona provincia",True,Hace más de 30 días,2021-03-29,https://es.indeed.com/rc/clk?jk=858ea099cdaad9d4&fccid=34d04f6900db138d&vjs=3
POST-DOC MICROFLUIDICS ENGINEER,MICROLIQUID,,"Arrasate/Mondragón, Guipúzcoa provincia",False,Hace más de 30 días,2021-03-29,https://es.indeed.com/rc/clk?jk=16a6a5836cfc007a&fccid=cc742d02295d8eaf&vjs=3
Senior Software Engineer,Clarivate Analytics,"3,5","Barcelona, Barcelona provincia",False,Hace más de 30 días,2021-03-29,https://es.indeed.com/rc/clk?jk=73f2ffdc741aa004&fccid=39cdc80b98113925&vjs=3
Director Quantitative Analysis,DBRS,,"Madrid, Madrid provincia",False,hace 25 días,2021-03-29,https://es.indeed.com/rc/clk?jk=b593558a56c12a01&fccid=e57474a1a45cf8a4&vjs=3
"Solution Architect EMEA - Technical Presales (Big Data, Analytics, IoT)",Hitachi Vantara Corporation,,"Madrid, Madrid provincia",False,hace 13 días,2021-03-29,https://es.indeed.com/rc/clk?jk=3f5d5df44498fc48&fccid=dd616958bd9ddc12&vjs=3
Product Manager - Courier Management (They/She/He),Glovo,"3,1","Barcelona, Barcelona provincia",False,hace 23 días,2021-03-29,https://es.indeed.com/rc/clk?jk=8a24d9ef3c3d7e6f&fccid=e79aa74d1d3ace1e&vjs=3
Research Engineer position for firmware and FPGA programming for Biophotonics Applications,The Institute of Photonic Sciences (ICFO),,"Castelldefels, Barcelona provincia",False,Hace más de 30 días,2021-03-29,https://es.indeed.com/rc/clk?jk=918d34df106ef175&fccid=d33336c23f2b1607&vjs=3
Senior Post-doctoral Research Position – Single cell Analysis,Center for Genomic Regulation,,"Barcelona, Barcelona provincia",False,Hace más de 30 días,2021-03-29,https://es.indeed.com/rc/clk?jk=83fadc98a72d05d2&fccid=83df17e5cf55215f&vjs=3
Growth Marketing Director,Tilting Point,,"Barcelona, Barcelona provincia",False,Hace más de 30 días,2021-03-29,https://es.indeed.com/rc/clk?jk=a93f360e771e3910&fccid=a658df01c7a1c222&vjs=3
Technical Project Manager,Wunderman,"3,8","Málaga, Málaga provincia",False,Hace más de 30 días,2021-03-29,https://es.indeed.com/rc/clk?jk=a3219262244829e5&fccid=bfef2b2da6904e2a&vjs=3
"AI/ML - Graduate Language Engineer (Italian), Siri Understanding",Apple,"4,2","Barcelona, Barcelona provincia",False,Hace más de 30 días,2021-03-29,https://es.indeed.com/rc/clk?jk=3a2faa7a469bd936&fccid=c1099851e9794854&vjs=3
"Manager, Clinical Science Analytics & Insights (CSAI)",Clinical Solutions,,"Madrid, Madrid provincia",True,Hace más de 30 días,2021-03-29,https://es.indeed.com/rc/clk?jk=dff0a2dca64580cb&fccid=ee36318f492b3846&vjs=3
"Data Scientist (Python, Machine Learning, Hadoop)",BETWEEN,"4,0","Bilbao, Vizcaya provincia",False,hace 27 días,2021-03-29,https://es.indeed.com/rc/clk?jk=bf1ba63e90c7e807&fccid=ebbb60231f495644&vjs=3
"(Senior) Medical Science Liaison, Spain",Seagen,,"Madrid, Madrid provincia",False,Hace más de 30 días,2021-03-29,https://es.indeed.com/rc/clk?jk=1813ef7df942eb54&fccid=52558a648544a28b&vjs=3
"Lead Data Engineer, DEEP - BCG GAMMA",The Boston Consulting Group,"4,2","Madrid, Madrid provincia",False,hace 17 días,2021-03-29,https://es.indeed.com/rc/clk?jk=7dee28a857f5cc59&fccid=b95f9eb47968fa13&vjs=3
Manager or Senior Manager for Retail Industry,Accenture,"4,0","Barcelona, Barcelona provincia",False,Hace más de 30 días,2021-03-29,https://es.indeed.com/rc/clk?jk=52d7193c5a6bb0f7&fccid=a4e4e2eaf26690c9&vjs=3
Senior Talent Acquisition Specialist,RavenPack,,"Marbella, Málaga provincia",True,hace 24 días,2021-03-29,https://es.indeed.com/rc/clk?jk=c6935429c31a9cc3&fccid=2756545d57d59109&vjs=3
Head ADME,Eurofins Central Laboratory,"3,0","Murcia, Murcia provincia",False,Hace más de 30 días,2021-03-29,https://es.indeed.com/rc/clk?jk=ffbe1c726513f72d&fccid=da33f48dbeb2e889&vjs=3
Senior Media Software Engineer - Barcelona,Vonage,,"Barcelona, Barcelona provincia",False,Hace más de 30 días,2021-03-29,https://es.indeed.com/rc/clk?jk=dbb4dec4c84ab16e&fccid=9ae5a27119edd141&vjs=3
"AI/ML - Language Engineer (Norwegian), Siri Understanding",Apple,"4,2","Barcelona, Barcelona provincia",False,Hace más de 30 días,2021-03-29,https://es.indeed.com/rc/clk?jk=b7ce2693ef6776bf&fccid=c1099851e9794854&vjs=3
Frontend Developer,Boston Consulting Group,"4,2","Madrid, Madrid provincia",False,hace 18 días,2021-03-29,https://es.indeed.com/rc/clk?jk=15e5e686633f1c82&fccid=b95f9eb47968fa13&vjs=3
"AI/ML - Language Engineer (Russian), Siri Understanding",Apple,"4,2","Barcelona, Barcelona provincia",False,Hace más de 30 días,2021-03-29,https://es.indeed.com/rc/clk?jk=26216b4564114f66&fccid=c1099851e9794854&vjs=3
letgo - Search Engineer,OLX Group,,"Barcelona, Barcelona provincia",False,hace 9 días,2021-03-29,https://es.indeed.com/rc/clk?jk=6228bbe6bd72a06e&fccid=68a03abfcf7e0aaa&vjs=3
Software Engineer (VEIS-RISC3CAT),Center for Genomic Regulation,,"Barcelona, Barcelona provincia",False,Hace más de 30 días,2021-03-29,https://es.indeed.com/rc/clk?jk=2d86e8f891fa125e&fccid=83df17e5cf55215f&vjs=3
Data Architect - MuleSoft Training & Certification,Salesforce,"4,3","Madrid, Madrid provincia",False,Hace más de 30 días,2021-03-29,https://es.indeed.com/rc/clk?jk=126993eea5078c31&fccid=4027cfd917e1ee29&vjs=3
Senior Business Analytics Consultant,Wunderman,"3,8","Madrid, Madrid provincia",False,Hace más de 30 días,2021-03-29,https://es.indeed.com/rc/clk?jk=37c77d6ad397a0de&fccid=bfef2b2da6904e2a&vjs=3
C++ Senior Software Engineer - Barcelona,Vonage,,"Barcelona, Barcelona provincia",False,Hace más de 30 días,2021-03-29,https://es.indeed.com/rc/clk?jk=6d4b03ed715bc304&fccid=9ae5a27119edd141&vjs=3
Software Architect - BCG GAMMA,The Boston Consulting Group,"4,2","Barcelona, Barcelona provincia",False,hace 11 días,2021-03-29,https://es.indeed.com/rc/clk?jk=7918ae2d8142acef&fccid=b95f9eb47968fa13&vjs=3
VP of Product,Domestika,,,True,Hace más de 30 días,2021-03-29,https://es.indeed.com/rc/clk?jk=9ad103b15b39355a&fccid=2c9165e20afc5fc3&vjs=3
"Senior Data Engineer, Madrid",Coverwallet,,"Madrid, Madrid provincia",False,hace 6 días,2021-03-29,https://es.indeed.com/rc/clk?jk=60e14cd73d3c08f3&fccid=2d5cf31320b20a19&vjs=3
ML Ops Engineer (Openbank),Santander,"3,6","Madrid, Madrid provincia",True,Hace más de 30 días,2021-03-29,https://es.indeed.com/rc/clk?jk=f889a9af929a3c81&fccid=e57a47a3d1d90e39&vjs=3
Senior .net Developer,DNV GL AS,"3,8","Barcelona, Barcelona provincia",False,Hace más de 30 días,2021-03-29,https://es.indeed.com/rc/clk?jk=90778b00199f8346&fccid=e11925963c0b831e&vjs=3
Data Manager,Blok,,"Barcelona, Barcelona provincia",False,hace 13 días,2021-03-29,https://es.indeed.com/rc/clk?jk=6523d9c6f4d7c00f&fccid=78744af49af840d1&vjs=3
Vice President of Software Engineering,Zinio,"3,3","Barcelona, Barcelona provincia",True,Hace más de 30 días,2021-03-29,https://es.indeed.com/rc/clk?jk=370977fb65624cc8&fccid=925b8e3f4298ad62&vjs=3
Cloud Solution Architect (Data and AI),Microsoft,"4,2","Madrid, Madrid provincia",False,Hace más de 30 días,2021-03-29,https://es.indeed.com/rc/clk?jk=42890f8b5e59d328&fccid=734cb5a01ee60f80&vjs=3
Software Engineer PRECISIONTOX,Center for Genomic Regulation,,"Barcelona, Barcelona provincia",False,Hace más de 30 días,2021-03-29,https://es.indeed.com/rc/clk?jk=7eafd28f735e758b&fccid=83df17e5cf55215f&vjs=3
Research position in HPC applied to open-source CFD software (R1 - RE1 - RE2 - R2),Barcelona Supercomputing Center (BSC),,"Barcelona, Barcelona provincia",False,Hace más de 30 días,2021-03-29,https://es.indeed.com/rc/clk?jk=c1250f760280d68b&fccid=a9e2246650287c61&vjs=3
Post-doctoral position in neuromonitoring with fNIRS/fDCS for neonatal care,The Institute of Photonic Sciences (ICFO),,"Castelldefels, Barcelona provincia",False,Hace más de 30 días,2021-03-29,https://es.indeed.com/rc/clk?jk=5b172e65855e1f6f&fccid=d33336c23f2b1607&vjs=3
Senior Backend Engineer (m/f/x),BCG Digital Ventures,,"Barcelona, Barcelona provincia",False,hace 13 días,2021-03-29,https://es.indeed.com/rc/clk?jk=f720a25eafb3ca01&fccid=1f69c9c641b4c973&vjs=3
Senior BI Engineer,Glovo,"3,1","Barcelona, Barcelona provincia",False,Hace más de 30 días,2021-03-29,https://es.indeed.com/rc/clk?jk=c4f12e8d78d06111&fccid=e79aa74d1d3ace1e&vjs=3
Postdoctoral Researcher – AI/ML applications in Personalised Medicine (R2),Barcelona Supercomputing Center (BSC),,"Barcelona, Barcelona provincia",False,Hace más de 30 días,2021-03-29,https://es.indeed.com/rc/clk?jk=a1057f11c96e18a3&fccid=a9e2246650287c61&vjs=3
"Sr. Program Manager, PSAS Network Footprint","Amazon Spain Services, S.L.","3,6","Barcelona, Barcelona provincia",False,Hace más de 30 días,2021-03-29,https://es.indeed.com/rc/clk?jk=17814e5506c9e520&fccid=fe2d21eef233e94a&vjs=3
"AI/ML - Language Engineer (Arabic), Siri Understanding",Apple,"4,2","Barcelona, Barcelona provincia",False,Hace más de 30 días,2021-03-29,https://es.indeed.com/rc/clk?jk=d4187a2b14b980bb&fccid=c1099851e9794854&vjs=3
Senior Data Engineer,OneAPPS GmbH,,"Madrid, Madrid provincia",False,Hace más de 30 días,2021-03-29,https://es.indeed.com/company/OneAPPS-GmbH/jobs/Senior-data-engineer-5c1da7269f4848cb?fccid=0b34b6eff2c78a15&vjs=3
Post-doctoral position in Mechanobiology of Cerebral Organoids,The Institute of Photonic Sciences (ICFO),,"Castelldefels, Barcelona provincia",False,Hace más de 30 días,2021-03-29,https://es.indeed.com/rc/clk?jk=5533489db5927d12&fccid=d33336c23f2b1607&vjs=3
Senior Data Engineer,Glovo,"3,1","Barcelona, Barcelona provincia",False,Hace más de 30 días,2021-03-29,https://es.indeed.com/rc/clk?jk=4ee7b8deb4e598bd&fccid=e79aa74d1d3ace1e&vjs=3
Big Data Engineer/Ingeniero Big Data sector Banca,Catenon,,"Palma de Mallorca, Illes Balears provincia",False,Hace más de 30 días,2021-03-29,https://es.indeed.com/rc/clk?jk=0781ff55cb905088&fccid=954e55536232ffe0&vjs=3
"(Senior) Medical Science Liaison, Spain",Seagen,,"Madrid, Madrid provincia",False,Hace más de 30 días,2021-03-29,https://es.indeed.com/rc/clk?jk=1813ef7df942eb54&fccid=52558a648544a28b&vjs=3
Senior Business Analytics Consultant,Wunderman,"3,8","Málaga, Málaga provincia",False,Hace más de 30 días,2021-03-29,https://es.indeed.com/rc/clk?jk=0587cf8f65e3ec0b&fccid=bfef2b2da6904e2a&vjs=3
Senior .net Developer,DNV GL AS,"3,8","Barcelona, Barcelona provincia",False,Hace más de 30 días,2021-03-29,https://es.indeed.com/rc/clk?jk=90778b00199f8346&fccid=e11925963c0b831e&vjs=3
ML Engineer,PepsiCo,"3,8","Cornellà de Llobregat, Barcelona provincia",False,Hace más de 30 días,2021-03-29,https://es.indeed.com/rc/clk?jk=4c337390a769c8af&fccid=2973259ddc967948&vjs=3
POST-DOC MICROFLUIDICS ENGINEER,MICROLIQUID,,"Arrasate/Mondragón, Guipúzcoa provincia",False,Hace más de 30 días,2021-03-29,https://es.indeed.com/rc/clk?jk=16a6a5836cfc007a&fccid=cc742d02295d8eaf&vjs=3
QA Automation Engineer,Altair Engineering,,"Madrid, Madrid provincia",False,Hace más de 30 días,2021-03-29,https://es.indeed.com/rc/clk?jk=1a8b6e48c253149a&fccid=3453268f43beb582&vjs=3
Java Developer - International Telecommunications Company.,Page Personnel España,"2,5","Barcelona, Barcelona provincia",False,Hace más de 30 días,2021-03-29,https://es.indeed.com/rc/clk?jk=2125af3d612e3ec7&fccid=e5ea1ff710ce39ca&vjs=3
"Solution Delivery Manager, DEEP - BCG GAMMA",The Boston Consulting Group,"4,2","Madrid, Madrid provincia",False,Hace más de 30 días,2021-03-29,https://es.indeed.com/rc/clk?jk=b22802fa3338c720&fccid=b95f9eb47968fa13&vjs=3
Data Manager,Blok,,"Barcelona, Barcelona provincia",False,hace 13 días,2021-03-29,https://es.indeed.com/rc/clk?jk=6523d9c6f4d7c00f&fccid=78744af49af840d1&vjs=3
Post-doctoral position in Mechanobiology of Cerebral Organoids,The Institute of Photonic Sciences (ICFO),,"Castelldefels, Barcelona provincia",False,Hace más de 30 días,2021-03-29,https://es.indeed.com/rc/clk?jk=5533489db5927d12&fccid=d33336c23f2b1607&vjs=3
Senior Full Stack Software Engineer (Signals Screening) Remote,PerkinElmer,"3,7","Barcelona, Barcelona provincia",False,Hace más de 30 días,2021-03-29,https://es.indeed.com/rc/clk?jk=be33d0fa2a5d645a&fccid=dedb01f1a81e63e6&vjs=3
AI Team Leader,BeDistic,,"Madrid, Madrid provincia",True,hace 26 días,2021-03-29,https://es.indeed.com/company/BeDistic/jobs/Ai-team-leader-fd59f868d0f1dc48?fccid=37e20869803ef02e&vjs=3
Site Reliability Engineer,DEXMA,,"Barcelona, Barcelona provincia",True,Hace más de 30 días,2021-03-29,https://es.indeed.com/rc/clk?jk=731c4731d1905cd0&fccid=0dd66025aaa1f2fe&vjs=3
"Director of Product Management, Mobile",Domestika,,,True,hace 16 días,2021-03-29,https://es.indeed.com/rc/clk?jk=8b430766257d60b9&fccid=2c9165e20afc5fc3&vjs=3
"Director of Product Management, Growth",Domestika,,,True,hace 16 días,2021-03-29,https://es.indeed.com/rc/clk?jk=ccbd5521236ecde8&fccid=2c9165e20afc5fc3&vjs=3
Senior CMS Product Designer,Domestika,,,True,hace 11 días,2021-03-29,https://es.indeed.com/rc/clk?jk=ac312cbade9acdf3&fccid=2c9165e20afc5fc3&vjs=3
Product Management - EU Amazon Vendor Services,Amazon EU SARL (Spain Branch),"3,6","Madrid, Madrid provincia",False,Hace más de 30 días,2021-03-29,https://es.indeed.com/rc/clk?jk=1fd16fc4555eff90&fccid=fe2d21eef233e94a&vjs=3
Consultoría | Senior Associate DevOps Hub Málaga,PwC,"4,0","Málaga, Málaga provincia",False,hace 25 días,2021-03-29,https://es.indeed.com/rc/clk?jk=d0651cfe15e34cbc&fccid=5e964c4afc56b180&vjs=3
Research position in HPC applied to open-source CFD software (R1 - RE1 - RE2 - R2),Barcelona Supercomputing Center (BSC),,"Barcelona, Barcelona provincia",False,Hace más de 30 días,2021-03-29,https://es.indeed.com/rc/clk?jk=c1250f760280d68b&fccid=a9e2246650287c61&vjs=3
.NET Developer,Psicotec,,"Valencia, Valencia provincia",False,Hace más de 30 días,2021-03-29,https://es.indeed.com/rc/clk?jk=7dd3e0f5a1800826&fccid=bf2f4f35953153d2&vjs=3
AI Team Leader,Krashlando,,"Madrid, Madrid provincia",False,hace 8 días,2021-03-29,https://es.indeed.com/rc/clk?jk=f71787a8aa2fb6ea&fccid=5e88048acc92e2e1&vjs=3
Senior .NET Developer,Wunderman,"3,8","Málaga, Málaga provincia",False,Hace más de 30 días,2021-03-29,https://es.indeed.com/rc/clk?jk=6db0946f37efc756&fccid=bfef2b2da6904e2a&vjs=3
Software Engineer for Palantir Technologies Madrid/Barcelona/Bilbao,Accenture,"4,0","Barcelona, Barcelona provincia",False,Hace más de 30 días,2021-03-29,https://es.indeed.com/rc/clk?jk=c12dd80a7c459d4e&fccid=a4e4e2eaf26690c9&vjs=3
SAS Programmer,PSI CRO,,"Madrid, Madrid provincia",False,hace 26 días,2021-03-29,https://es.indeed.com/rc/clk?jk=773fb8ba52e25fc4&fccid=137df86e2563b2c0&vjs=3
Business Intelligence Analyst,Wallapop,,"Barcelona, Barcelona provincia",True,hace 6 días,2021-03-29,https://es.indeed.com/rc/clk?jk=5c61e1a9b60d2718&fccid=65fcc20ad0c93068&vjs=3
AI/ML-Ops Engineer,Hays,"3,6","Centro-Madrid, Madrid provincia",False,Hace más de 30 días,2021-03-29,https://es.indeed.com/rc/clk?jk=834da6cba1a1344a&fccid=31670bef3ae6497b&vjs=3
INTERNATIONAL RISK DEPARTMENT Software Engineer,BNP Paribas,"3,9","Madrid, Madrid provincia",False,hace 27 días,2021-03-29,https://es.indeed.com/rc/clk?jk=298a6da864a53c95&fccid=1392500f835bba92&vjs=3
Postdoctoral Researcher – AI/ML applications in Personalised Medicine (R2),Barcelona Supercomputing Center (BSC),,"Barcelona, Barcelona provincia",False,Hace más de 30 días,2021-03-29,https://es.indeed.com/rc/clk?jk=a1057f11c96e18a3&fccid=a9e2246650287c61&vjs=3
Senior Analytics Manager – Mobile App Marketing,eDreams ODIGEO,"3,6","Barcelona, Barcelona provincia",True,Hace más de 30 días,2021-03-29,https://es.indeed.com/rc/clk?jk=fdbe35ea435755cb&fccid=34d04f6900db138d&vjs=3
SENIOR MICROFLUIDIC ENGINEER,MICROLIQUID,,"Arrasate/Mondragón, Guipúzcoa provincia",False,Hace más de 30 días,2021-03-29,https://es.indeed.com/rc/clk?jk=7374642c809a94d5&fccid=cc742d02295d8eaf&vjs=3
Product Manager,OPM Recruitment,,"Barcelona, Barcelona provincia",False,Hace más de 30 días,2021-03-29,https://es.indeed.com/rc/clk?jk=37df30e60eafec70&fccid=5f49509157db24a8&vjs=3
DATA ENGINEER - BIG DATA // MULTINATIONAL,HUB Talent,,"Madrid, Madrid provincia",False,Hace más de 30 días,2021-03-29,https://es.indeed.com/rc/clk?jk=f17d2687d76bf9bb&fccid=c0f3931109f1ccd3&vjs=3
Sr. Manager - Product Management - Technical,"Amazon Spain Services, S.L.","3,6","Madrid, Madrid provincia",False,hace 5 días,2021-03-29,https://es.indeed.com/rc/clk?jk=b620868f4918e37d&fccid=fe2d21eef233e94a&vjs=3
Linux System Administrator,Boehringer Ingelheim,"4,1","Sant Cugat del Vallès, Barcelona provincia",False,hace 3 días,2021-03-29,https://es.indeed.com/rc/clk?jk=097e8ad973b50d20&fccid=6902b1131240791f&vjs=3
Senior Product Manager,OPM Recruitment,,"Barcelona, Barcelona provincia",False,Hace más de 30 días,2021-03-29,https://es.indeed.com/rc/clk?jk=50c48aa9339a7bb7&fccid=5f49509157db24a8&vjs=3
Head of Growth Finance (They/She/He),Glovo,"3,1","Barcelona, Barcelona provincia",False,hace 27 días,2021-03-29,https://es.indeed.com/rc/clk?jk=ab8092c536a0eae8&fccid=e79aa74d1d3ace1e&vjs=3
Product Manager - Support Tools (They/She/He),Glovo,"3,1","Barcelona, Barcelona provincia",False,Hace más de 30 días,2021-03-29,https://es.indeed.com/rc/clk?jk=8115ad36d6c6ca4f&fccid=e79aa74d1d3ace1e&vjs=3
BI Engineer Lead,Glovo,"3,1","Barcelona, Barcelona provincia",False,Hace más de 30 días,2021-03-29,https://es.indeed.com/rc/clk?jk=4ff1c317e5063b40&fccid=e79aa74d1d3ace1e&vjs=3
Data Analyst - Marketing Team,TeamCMP,,"Barcelona, Barcelona provincia",True,Hace más de 30 días,2021-03-29,https://es.indeed.com/rc/clk?jk=721ee68174f9ed53&fccid=227fc4d42723986a&vjs=3
Senior ML Engineer,PepsiCo,"3,8","Cornellà de Llobregat, Barcelona provincia",False,Hace más de 30 días,2021-03-29,https://es.indeed.com/rc/clk?jk=ae775b9a2741c5ff&fccid=2973259ddc967948&vjs=3
Senior Software Engineer - Barcelona,Tempus,,"Barcelona, Barcelona provincia",False,Hace más de 30 días,2021-03-29,https://es.indeed.com/rc/clk?jk=975574b5ae46ce63&fccid=8525bdcf5722dd27&vjs=3
"AI/ML - Language Engineer (German), Siri Understanding",Apple,"4,2","Barcelona, Barcelona provincia",False,Hace más de 30 días,2021-03-29,https://es.indeed.com/rc/clk?jk=ceb87e0ebdc4e2be&fccid=c1099851e9794854&vjs=3
Cloud Security Architect,GFT Technologies,,"Madrid, Madrid provincia",True,Hace más de 30 días,2021-03-29,https://es.indeed.com/rc/clk?jk=040b20ecc00bad2e&fccid=8ab7cdd8a4b10bfc&vjs=3
Digital Strategy Project Leader/Principal (DigitalBCG),Boston Consulting Group,"4,2","Madrid, Madrid provincia",False,hace 29 días,2021-03-29,https://es.indeed.com/rc/clk?jk=773bb552c089024d&fccid=b95f9eb47968fa13&vjs=3
Product Designer UX/UI,ICP Search,,"Barcelona, Barcelona provincia",False,Hace más de 30 días,2021-03-29,https://es.indeed.com/rc/clk?jk=31a2c00ed568ceaf&fccid=f3ddb251f1dbbebf&vjs=3
Senior Backend Engineer - Partner Integration,Glovo,"3,1","Barcelona, Barcelona provincia",False,hace 9 días,2021-03-29,https://es.indeed.com/rc/clk?jk=dc735fb629cad651&fccid=e79aa74d1d3ace1e&vjs=3
Senior Web Product Designer,Domestika,,,True,hace 11 días,2021-03-29,https://es.indeed.com/rc/clk?jk=e9a9f883017ca2bb&fccid=2c9165e20afc5fc3&vjs=3
Postdoctoral researcher in neurosciences,Centre Tecnologic de Catalunya,,"Reus, Tarragona provincia",False,Hace más de 30 días,2021-03-29,https://es.indeed.com/rc/clk?jk=99d3c6b0148eb559&fccid=6b79779c98eccf87&vjs=3
Senior Pricing Analyst,Liberty Seguros,"4,4","Madrid, Madrid provincia",False,Hace más de 30 días,2021-03-29,https://es.indeed.com/rc/clk?jk=2547eed812e30cfd&fccid=0aacd2cb54d38942&vjs=3
Data Engineer,Adevinta,,"Barcelona, Barcelona provincia",False,Hace más de 30 días,2021-03-29,https://es.indeed.com/pagead/clk?mo=r&ad=-6NYlbfkN0CDUWlcJAFLsvJnItBP09zQvqfTfenw0A49Mj1GoT8-DttmapiigpUbkXQjA_EJNQUsVWffdF0RQr7EnEd4f9EU4QJbQHkFeh4tMt9kZ_Gxhvw2T3hLL7Be8xl_rJ6z_XnYp5afpEtvOxFH7wlAq__VYsTIKLgM_GmIM4zxoB2IsToHV-5wwOhBlvkbqrnmkaVQJzOt0TMdkxcR-g_A5q3iJuJaSotsXRlpNjTm-frK2CoyNhc7oDMCW3SrFZ1fHkW0Hrz4qG3JsM802mrjw2v51uassT1CxiBlKifgg3TnIhCqsp4gqrmKtAiQI1LESPB05ORn2vGEwlccNybrhQFgAYbUCHQqwyvP-Yb05FBrzn_N7sf-Zeg6XIBdEZWfWzWeystWTx1BTFHJ6sPt1gGd_HcG8k6YEAvB4xtfSej_pWCKwt1vuVY2qPGna_hI9r3PjWH4UHqiW0rB3zrlWvBZbyju52VCVIe75TRHkqaHoFzxaRYhfk7I45ehlDrJLDvEFLch0M4colyCu8gCbtQTB8cwEKZXfax6U3Ra0qSarQgdXw0LPkuHb0-9DIuvMIM39Tmo3Y1EDSxqk8ZdXsTr-i8jU8JV5FHlJQ6vzA35yY_9wUFcfYX8mH7ASpsP0gYrp3tkshrjzYA3v5XsqvIJT1A5lV3mO-LSbfy1FcXijrspnYRXUfZN&p=49&fvj=0&vjs=3
Head of Growth Finance (They/She/He),Glovo,"3,1","Barcelona, Barcelona provincia",False,hace 27 días,2021-03-29,https://es.indeed.com/rc/clk?jk=ab8092c536a0eae8&fccid=e79aa74d1d3ace1e&vjs=3
Data Engineer,Datatonic,,"Barcelona, Barcelona provincia",False,Hace más de 30 días,2021-03-29,https://es.indeed.com/rc/clk?jk=203e0b454360f54e&fccid=45a86e5a9b5cd99b&vjs=3
DevOps Engineer,keepitup,,"Barcelona, Barcelona provincia",False,Hace más de 30 días,2021-03-29,https://es.indeed.com/rc/clk?jk=577415a1c7ab6ee0&fccid=7fb3d7637812f6ac&vjs=3
Senior Backend Software Engineer with Java - Barcelona,Vonage,,"Barcelona, Barcelona provincia",False,Hace más de 30 días,2021-03-29,https://es.indeed.com/rc/clk?jk=a8e93e80641408d9&fccid=9ae5a27119edd141&vjs=3
JAVA Software Engineer,Digital Talent Hub,,"Valencia, Valencia provincia",False,Hace más de 30 días,2021-03-29,https://es.indeed.com/rc/clk?jk=6eabd061fae44bb6&fccid=0923ad20d9d3d34d&vjs=3
Sr. Manager - Product Management - Technical,"Amazon Spain Services, S.L.","3,6","Madrid, Madrid provincia",False,hace 5 días,2021-03-29,https://es.indeed.com/rc/clk?jk=b620868f4918e37d&fccid=fe2d21eef233e94a&vjs=3
"AI/ML - Language Engineer (Switzerland - German), Siri Understanding",Apple,"4,2","Barcelona, Barcelona provincia",False,Hace más de 30 días,2021-03-29,https://es.indeed.com/rc/clk?jk=4f875b598ddc598e&fccid=c1099851e9794854&vjs=3
Front-end Developer R-Shiny,Hays,"3,6","Centro-Madrid, Madrid provincia",False,hace 24 días,2021-03-29,https://es.indeed.com/rc/clk?jk=7958eedd9acf6529&fccid=31670bef3ae6497b&vjs=3
Director of Growth,Blok,,"Barcelona, Barcelona provincia",False,hace 26 días,2021-03-29,https://es.indeed.com/rc/clk?jk=386c7071dc9a5f72&fccid=78744af49af840d1&vjs=3
Cloud Engineer - GAMMA,The Boston Consulting Group,"4,2","Madrid, Madrid provincia",False,Hace más de 30 días,2021-03-29,https://es.indeed.com/rc/clk?jk=4e6f1da282b8e133&fccid=b95f9eb47968fa13&vjs=3
Ingeniero señalización ferroviaria,Scalian,,"Madrid, Madrid provincia",False,Hace más de 30 días,2021-03-29,https://es.indeed.com/rc/clk?jk=6fbdf0affabb5c9b&fccid=57dcfcf9cd559fcc&vjs=3
Senior UX/UI Designer,Talent Search People,"2,5","Madrid, Madrid provincia",False,Hace más de 30 días,2021-03-29,https://es.indeed.com/rc/clk?jk=260ac9b6efd007b1&fccid=1bf227a140f85714&vjs=3
Principal Product Manager - Technical,"Amazon Spain Services, S.L.","3,6","Madrid, Madrid provincia",False,Hace más de 30 días,2021-03-29,https://es.indeed.com/rc/clk?jk=b5f4667ed5c17101&fccid=fe2d21eef233e94a&vjs=3
BI Engineer Lead,Glovo,"3,1","Barcelona, Barcelona provincia",False,Hace más de 30 días,2021-03-29,https://es.indeed.com/rc/clk?jk=4ff1c317e5063b40&fccid=e79aa74d1d3ace1e&vjs=3
Senior Backend Engineer - Partner Integration,Glovo,"3,1","Barcelona, Barcelona provincia",False,hace 9 días,2021-03-29,https://es.indeed.com/rc/clk?jk=dc735fb629cad651&fccid=e79aa74d1d3ace1e&vjs=3
Front-end Developer,The Boston Consulting Group,"4,2","Madrid, Madrid provincia",False,Hace más de 30 días,2021-03-29,https://es.indeed.com/rc/clk?jk=8f53caaed04bafe5&fccid=b95f9eb47968fa13&vjs=3
Cloud Solution Architect (SAP on Azure),Microsoft,"4,2","Madrid, Madrid provincia",False,Hace más de 30 días,2021-03-29,https://es.indeed.com/rc/clk?jk=425169e487d7b2de&fccid=734cb5a01ee60f80&vjs=3
Senior Software Development Engineer,Amazon EU SARL (Spain Branch),"3,6","Barcelona, Barcelona provincia",False,Hace más de 30 días,2021-03-29,https://es.indeed.com/rc/clk?jk=570e2187401df522&fccid=fe2d21eef233e94a&vjs=3
Cloud System Administrator,fonYou,,"Barcelona, Barcelona provincia",False,Hace más de 30 días,2021-03-29,https://es.indeed.com/rc/clk?jk=b1169e33326668d4&fccid=8a03db04c918fd77&vjs=3
Cloud Solution Architect - Apps & Infra,Microsoft,"4,2","Madrid, Madrid provincia",False,Hace más de 30 días,2021-03-29,https://es.indeed.com/rc/clk?jk=8e6f4db9a71a0c36&fccid=734cb5a01ee60f80&vjs=3
AWS System Administrator,Ryanair,"3,2","Madrid, Madrid provincia",False,Hace más de 30 días,2021-03-29,https://es.indeed.com/rc/clk?jk=b6a8a4c08f9be7f3&fccid=e04ab2cfa8d5c04a&vjs=3
Java Software Engineer,Psicotec,,"Valencia, Valencia provincia",False,Hace más de 30 días,2021-03-29,https://es.indeed.com/rc/clk?jk=386e8060cc271e4c&fccid=bf2f4f35953153d2&vjs=3
AWS Solution Architect,BETWEEN,"4,0","Sant Cugat del Vallès, Barcelona provincia",False,Hace más de 30 días,2021-03-29,https://es.indeed.com/rc/clk?jk=ea8c1ba0d2214446&fccid=ebbb60231f495644&vjs=3
Senior Software Developer - Linux C++,Malwarebytes,,"Madrid, Madrid provincia",False,hace 25 días,2021-03-29,https://es.indeed.com/rc/clk?jk=63f82a272b89ef0d&fccid=4a0960df9ba45145&vjs=3
Cloud DevOps,B2M,,"Madrid, Madrid provincia",False,Hace más de 30 días,2021-03-29,https://es.indeed.com/rc/clk?jk=e697647eeb0a95ee&fccid=89285c3a3b6a89d2&vjs=3
Senior Product Manager (m/f/x) Celonis Studio - Knowledge Models,Celonis,,"Madrid, Madrid provincia",False,Hace más de 30 días,2021-03-29,https://es.indeed.com/rc/clk?jk=d1c8cc0c1e6a18b7&fccid=e4a5e7f93e374233&vjs=3
"Research Scientist, Predictive Sciences (Network Biology)",Bristol Myers Squibb,"4,2","Sevilla, Sevilla provincia",False,Hace más de 30 días,2021-03-29,https://es.indeed.com/pagead/clk?mo=r&ad=-6NYlbfkN0C8DhssTksZ4tAWhh8LVIFF2qionQVVpONm6qYGpiaOiVRjP1y_hF87ceWZXPkKrhEBOjZgjkCGfxRh-OgE3Avlz8_OLWr1Tq9YEd5v1F5RCn9Gxu00VUCGBzvRmumONdasEMbiaw2bfLYNVMEwIFIct907zbK4LjH9yYxYWU_DanVt5vjFbdH4lIQ6mt-TOtD17okGnQMmzakJL5xiZKaC5oD85Ir7o5dOjiUFToAtr-1x0qvzddk1Ige3m3HhLWTsE3VbnmLZIzL-L-SSX_HSZky0J93bBFkfT-zCAELS2bb88Tic7trqYqI-a99xUQ5ri7gBERC0tOKnXZP7NqSCy8oFU8mpXbgayeyWpGwNS1mTXKTvu0-2epx56UD1pk2Cugl5uM1B6augA6KVODcyl_1xhX2XPWb6aLKaLStJZVFPzo5n9NaD2oFw7P1ss75RZfG0pRN7jSJfmksavboMla7CoI6z65AHi-A1hh_dXeNTpoHEAqenjcsJoLuE2zXtJSbq9KooeopvsWlZqAzL7xUevFTY7L_Kb4pEi3jGIWqpySdOd9RdXs5n9NN2d8Q2KOKKcSuE-Vxg1XS-AQ3HLr1xJLAaMHbZk8GScBhif98eAD7khWSUqOG5tI81WD2wsUQqK573wNbhM45HEnQH&p=26&fvj=0&vjs=3
Senior Product Manager (m/f/x) Celonis Studio - Knowledge Models,Celonis SE,,"Madrid, Madrid provincia",False,Hace más de 30 días,2021-03-29,https://es.indeed.com/rc/clk?jk=7b92f6671726d6b8&fccid=e4a5e7f93e374233&vjs=3
